"","Date","Tesla_Close","Tesla_Volume","Tesla_Open","Tesla_High","Tesla_Low","Lucid_Close","Lucid_Volume","Lucid_Open","Lucid_High","Lucid_Low"
"1","11/03/2023","$219.96",119534800,"$221.15","$226.3701","$218.40","$4.62",32179100,"$4.66","$4.85","$4.55"
"2","11/02/2023","$218.51",125987600,"$212.97","$219.20","$211.45","$4.54",47135750,"$4.13","$4.615","$4.12"
"3","11/01/2023","$205.66",121661700,"$204.04","$205.99","$197.85","$4.05",21911580,"$4.13","$4.14","$3.96"
"4","10/31/2023","$200.84",118068300,"$196.12","$202.80","$194.07","$4.12",20320210,"$4.065","$4.175","$4.04"
"5","10/30/2023","$197.36",136448200,"$209.28","$210.88","$194.67","$4.07",18462870,"$4.10","$4.14","$4.00"
"6","10/27/2023","$207.30",94881170,"$210.60","$212.41","$205.77","$4.04",16846280,"$4.11","$4.17","$4.01"
"7","10/26/2023","$205.76",115112600,"$211.32","$214.80","$204.88","$4.07",29818140,"$4.12","$4.18","$3.98"
"8","10/25/2023","$212.42",107065100,"$215.88","$220.10","$212.20","$4.17",21024020,"$4.21","$4.33","$4.17"
"9","10/24/2023","$216.52",118231100,"$216.50","$222.05","$214.11","$4.24",27605830,"$4.38","$4.49","$4.205"
"10","10/23/2023","$212.08",150683400,"$210.00","$216.98","$202.51","$4.34",26779360,"$4.24","$4.47","$4.14"
"11","10/20/2023","$211.99",138010100,"$217.01","$218.8606","$210.42","$4.28",27148830,"$4.33","$4.44","$4.25"
"12","10/19/2023","$220.11",170772700,"$225.95","$230.61","$216.78","$4.34",36199870,"$4.49","$4.49","$4.30"
"13","10/18/2023","$242.68",125147800,"$252.70","$254.63","$242.08","$4.53",59243690,"$4.94","$4.98","$4.51"
"14","10/17/2023","$254.85",93562910,"$250.10","$257.183","$247.08","$5.00",47744140,"$4.92","$5.23","$4.90"
"15","10/16/2023","$253.92",88917180,"$250.05","$255.3999","$248.48","$5.28",23163680,"$5.17","$5.38","$5.13"
"16","10/13/2023","$251.12",102296800,"$258.90","$259.60","$250.22","$5.16",19609190,"$5.08","$5.16","$4.99"
"17","10/12/2023","$258.87",111508100,"$262.92","$265.41","$256.6307","$5.07",24527220,"$5.28","$5.35","$5.035"
"18","10/11/2023","$262.99",103706300,"$266.20","$268.60","$260.90","$5.34",25534940,"$5.38","$5.48","$5.23"
"19","10/10/2023","$263.62",122656000,"$257.75","$268.94","$257.65","$5.44",38610930,"$5.01","$5.46","$4.99"
"20","10/09/2023","$259.67",101377900,"$255.31","$261.36","$252.05","$5.03",32408470,"$5.00","$5.14","$4.87"
"21","10/06/2023","$260.53",118121800,"$253.98","$261.65","$250.65","$5.13",29056910,"$5.11","$5.21","$5.04"
"22","10/05/2023","$260.05",119159200,"$260.00","$263.60","$256.25","$5.16",43996930,"$5.48","$5.4999","$5.03"
"23","10/04/2023","$261.16",129721600,"$248.14","$261.86","$247.60","$5.56",20382180,"$5.46","$5.58","$5.35"
"24","10/03/2023","$246.53",101985300,"$248.61","$250.02","$244.45","$5.38",18246350,"$5.47","$5.50","$5.35"
"25","10/02/2023","$251.60",123810400,"$244.81","$254.2799","$242.62","$5.54",20221810,"$5.57","$5.68","$5.4633"
"26","09/29/2023","$250.22",128522700,"$250.00","$254.77","$246.35","$5.59",31028810,"$5.60","$5.70","$5.50"
"27","09/28/2023","$246.38",117058900,"$240.02","$247.55","$238.65","$5.53",25647160,"$5.46","$5.615","$5.34"
"28","09/27/2023","$240.50",136597200,"$244.262","$245.33","$234.58","$5.46",29318480,"$5.49","$5.56","$5.32"
"29","09/26/2023","$244.12",101993600,"$242.98","$249.55","$241.6601","$5.31",29840610,"$5.18","$5.39","$5.12"
"30","09/25/2023","$246.99",104636600,"$243.38","$247.10","$238.31","$5.13",24208450,"$5.14","$5.19","$4.97"
"31","09/22/2023","$244.88",127524100,"$257.40","$257.7888","$244.48","$5.11",28561230,"$5.25","$5.33","$5.07"
"32","09/21/2023","$255.70",119951500,"$257.85","$260.86","$254.21","$5.17",31892380,"$5.35","$5.37","$5.17"
"33","09/20/2023","$262.59",122514600,"$267.04","$273.93","$262.4606","$5.45",18801030,"$5.57","$5.625","$5.45"
"34","09/19/2023","$266.50",103704000,"$264.35","$267.85","$261.20","$5.50",27866710,"$5.65","$5.67","$5.44"
"35","09/18/2023","$265.28",101543300,"$271.16","$271.44","$263.7601","$5.64",27839530,"$5.87","$5.90","$5.61"
"36","09/15/2023","$274.39",133692300,"$277.55","$278.98","$271.00","$5.92",31355420,"$6.03","$6.12","$5.86"
"37","09/14/2023","$276.04",107709800,"$271.32","$276.7094","$270.42","$6.01",20299580,"$5.89","$6.06","$5.85"
"38","09/13/2023","$271.30",111673700,"$270.07","$274.98","$268.10","$5.87",12796500,"$5.89","$5.9475","$5.82"
"39","09/12/2023","$267.48",135999900,"$270.76","$278.39","$266.60","$5.91",21084240,"$5.83","$6.02","$5.74"
"40","09/11/2023","$273.58",174667900,"$264.27","$274.85","$260.61","$5.84",31971510,"$5.93","$6.02","$5.635"
"41","09/08/2023","$248.50",118559600,"$251.22","$256.52","$246.67","$5.84",25583940,"$5.99","$6.00","$5.80"
"42","09/07/2023","$251.49",115312900,"$245.07","$252.81","$243.265","$6.00",20888810,"$6.03","$6.06","$5.92"
"43","09/06/2023","$251.92",116959800,"$255.135","$255.39","$245.06","$6.14",22673520,"$6.28","$6.375","$6.05"
"44","09/05/2023","$256.49",129469600,"$245.00","$258.00","$244.86","$6.30",23261060,"$6.29","$6.45","$6.22"
"45","09/01/2023","$245.01",132541600,"$257.26","$259.0794","$242.01","$6.36",20524740,"$6.29","$6.41","$6.185"
"46","08/31/2023","$258.08",108861700,"$255.98","$261.18","$255.05","$6.28",26180250,"$6.41","$6.42","$6.15"
"47","08/30/2023","$256.90",121988400,"$254.20","$260.51","$250.59","$6.36",16113030,"$6.25","$6.41","$6.22"
"48","08/29/2023","$257.18",134047600,"$238.58","$257.48","$237.77","$6.33",24580010,"$6.13","$6.435","$6.04"
"49","08/28/2023","$238.82",107673700,"$242.58","$244.38","$235.35","$6.15",20720420,"$6.07","$6.195","$5.98"
"50","08/25/2023","$238.59",106612200,"$231.31","$239.00","$230.35","$6.02",25687590,"$5.89","$6.06","$5.82"
"51","08/24/2023","$230.04",99777430,"$238.66","$238.92","$228.1801","$5.86",32398750,"$6.09","$6.105","$5.80"
"52","08/23/2023","$236.86",101077600,"$229.34","$238.98","$229.29","$6.07",26033530,"$6.03","$6.20","$6.00"
"53","08/22/2023","$233.19",130597900,"$240.25","$240.82","$229.55","$6.07",29256220,"$6.245","$6.31","$5.97"
"54","08/21/2023","$231.28",135702700,"$221.5512","$232.1343","$220.58","$6.26",19787930,"$6.22","$6.36","$6.16"
"55","08/18/2023","$215.49",136276600,"$214.12","$217.58","$212.36","$6.18",22508310,"$6.10","$6.24","$6.05"
"56","08/17/2023","$219.22",120718400,"$226.06","$226.74","$218.83","$6.23",25743510,"$6.38","$6.48","$6.225"
"57","08/16/2023","$225.60",112484500,"$228.02","$233.97","$225.38","$6.34",26138790,"$6.36","$6.45","$6.25"
"58","08/15/2023","$232.96",88197600,"$238.73","$240.50","$232.61","$6.41",30110490,"$6.70","$6.80","$6.35"
"59","08/14/2023","$239.76",98595330,"$235.70","$240.66","$233.75","$6.77",25870230,"$6.54","$6.78","$6.39"
"60","08/11/2023","$242.65",99038640,"$241.77","$243.79","$238.02","$6.64",26917750,"$6.59","$6.7165","$6.49"
"61","08/10/2023","$245.34",109498600,"$245.40","$251.80","$243.00","$6.78",44069470,"$7.185","$7.20","$6.71"
"62","08/09/2023","$242.19",101596300,"$250.87","$251.10","$241.90","$7.08",52187300,"$6.98","$7.295","$6.78"
"63","08/08/2023","$249.70",96642180,"$247.45","$250.92","$245.01","$7.19",89780000,"$6.415","$7.24","$6.20"
"64","08/07/2023","$251.45",111097900,"$251.45","$253.6511","$242.76","$6.41",56650140,"$6.70","$6.71","$6.18"
"65","08/04/2023","$253.86",99539910,"$260.97","$264.77","$253.11","$6.62",33869970,"$6.95","$6.955","$6.61"
"66","08/03/2023","$259.32",97829550,"$252.04","$260.49","$252.00","$6.89",25643190,"$6.84","$7.03","$6.82"
"67","08/02/2023","$254.11",101752900,"$255.57","$259.52","$250.49","$6.89",45789040,"$7.05","$7.09","$6.7401"
"68","08/01/2023","$261.07",83645720,"$266.26","$266.47","$260.25","$7.27",38156790,"$7.465","$7.465","$7.16"
"69","07/31/2023","$267.43",84582170,"$267.48","$269.08","$263.78","$7.61",47025160,"$7.54","$7.75","$7.41"
"70","07/28/2023","$266.44",111446000,"$259.86","$267.25","$258.2312","$7.47",68241070,"$7.06","$7.54","$6.985"
"71","07/27/2023","$255.71",103697300,"$268.31","$269.13","$255.30","$6.89",42823600,"$7.25","$7.45","$6.87"
"72","07/26/2023","$264.35",95856180,"$263.25","$268.04","$261.75","$7.17",44303350,"$6.87","$7.29","$6.86"
"73","07/25/2023","$265.28",112757300,"$272.38","$272.90","$265.00","$6.84",33519450,"$7.22","$7.28","$6.83"
"74","07/24/2023","$269.06",137005000,"$255.85","$269.85","$254.12","$7.17",41743050,"$6.90","$7.26","$6.82"
"75","07/21/2023","$260.02",161796100,"$268.00","$268.00","$255.80","$6.87",87169000,"$7.07","$7.15","$6.67"
"76","07/20/2023","$262.90",175158300,"$279.56","$280.93","$261.20","$6.92",47132100,"$7.165","$7.165","$6.83"
"77","07/19/2023","$291.26",142355400,"$296.04","$299.29","$289.5201","$7.25",66654790,"$7.14","$7.695","$7.13"
"78","07/18/2023","$293.34",112434700,"$290.15","$295.26","$286.01","$7.04",38237780,"$7.04","$7.28","$6.94"
"79","07/17/2023","$290.38",131569600,"$286.625","$292.23","$283.57","$7.03",42128670,"$6.77","$7.11","$6.60"
"80","07/14/2023","$281.38",120062400,"$277.01","$285.30","$276.31","$6.70",55472100,"$7.13","$7.20","$6.67"
"81","07/13/2023","$277.90",112681500,"$274.59","$279.45","$270.60","$7.12",50570490,"$7.17","$7.42","$7.10"
"82","07/12/2023","$271.99",95672140,"$276.325","$276.52","$271.46","$7.16",122623200,"$7.74","$7.89","$7.08"
"83","07/11/2023","$269.79",91972360,"$268.65","$270.90","$266.37","$8.12",57013660,"$8.00","$8.37","$7.87"
"84","07/10/2023","$269.61",119425400,"$276.47","$277.52","$265.10","$7.93",65947530,"$7.64","$7.97","$7.24"
"85","07/07/2023","$274.43",113879200,"$278.43","$280.78","$273.77","$7.45",75916190,"$7.10","$7.73","$7.08"
"86","07/06/2023","$276.54",120707400,"$278.09","$279.97","$272.88","$7.08",45047090,"$7.22","$7.2787","$6.86"
"87","07/05/2023","$282.48",131530900,"$278.82","$283.85","$277.60","$7.41",53576830,"$7.41","$7.53","$7.15"
"88","07/03/2023","$279.82",118999000,"$276.49","$284.25","$275.11","$7.39",53103150,"$7.06","$7.44","$7.00"
"89","06/30/2023","$261.77",112620800,"$260.60","$264.45","$259.89","$6.89",73348890,"$7.02","$7.18","$6.64"
"90","06/29/2023","$257.50",131283400,"$258.03","$260.74","$253.61","$6.88",72430490,"$6.475","$6.94","$6.41"
"91","06/28/2023","$256.24",159770800,"$249.70","$259.88","$248.89","$6.42",68546350,"$6.09","$6.54","$6.03"
"92","06/27/2023","$250.21",164968200,"$243.24","$250.3899","$240.85","$6.10",74181420,"$5.79","$6.15","$5.56"
"93","06/26/2023","$241.05",179990600,"$250.065","$258.37","$240.70","$5.55",108379600,"$6.01","$6.28","$5.55"
"94","06/23/2023","$256.60",177460800,"$259.29","$262.45","$252.80","$5.47",62252560,"$5.65","$5.75","$5.46"
"95","06/22/2023","$264.61",166875900,"$250.77","$265.00","$248.25","$5.73",47898070,"$6.07","$6.08","$5.72"
"96","06/21/2023","$259.46",211797100,"$275.13","$276.99","$257.78","$6.05",49954060,"$6.30","$6.31","$6.00"
"97","06/20/2023","$274.45",165611200,"$261.50","$274.75","$261.12","$6.32",32733090,"$6.53","$6.58","$6.26"
"98","06/16/2023","$260.54",167915600,"$258.92","$263.60","$257.2091","$6.48",45154400,"$6.61","$6.76","$6.44"
"99","06/15/2023","$255.90",160171200,"$248.40","$258.95","$247.29","$6.59",41955520,"$6.39","$6.75","$6.33"
"100","06/14/2023","$256.79",170575500,"$260.17","$261.57","$250.50","$6.40",37444350,"$6.61","$6.655","$6.34"
"101","06/13/2023","$258.71",162384300,"$253.51","$259.68","$251.34","$6.55",64473520,"$6.37","$6.66","$6.23"
"102","06/12/2023","$249.83",150740500,"$247.94","$250.97","$244.59","$6.27",38628920,"$6.31","$6.52","$6.23"
"103","06/09/2023","$244.40",200242400,"$249.07","$252.42","$242.02","$6.21",35958630,"$6.35","$6.40","$6.13"
"104","06/08/2023","$234.86",164489700,"$224.22","$235.23","$223.01","$6.28",50227960,"$6.63","$6.70","$6.26"
"105","06/07/2023","$224.57",185710800,"$228.00","$230.8296","$223.20","$6.40",46769220,"$6.90","$6.925","$6.40"
"106","06/06/2023","$221.31",146911600,"$216.14","$221.91","$212.53","$6.90",43033000,"$6.55","$6.91","$6.5331"
"107","06/05/2023","$217.61",151143100,"$217.80","$221.29","$214.52","$6.59",35903300,"$6.59","$6.61","$6.33"
"108","06/02/2023","$213.97",164398400,"$210.15","$217.25","$209.752","$6.60",52420590,"$6.55","$6.61","$6.39"
"109","06/01/2023","$207.52",148029900,"$202.59","$209.80","$199.37","$6.50",161052800,"$6.78","$6.82","$6.20"
"110","05/31/2023","$203.93",150711700,"$199.78","$203.95","$195.12","$7.76",32478060,"$7.67","$7.81","$7.49"
"111","05/30/2023","$201.16",128818700,"$200.10","$204.48","$197.53","$7.71",13985950,"$7.95","$8.095","$7.63"
"112","05/26/2023","$193.17",162061500,"$184.62","$198.60","$184.53","$7.87",14524840,"$7.59","$7.99","$7.52"
"113","05/25/2023","$184.47",96870720,"$186.54","$186.78","$180.58","$7.61",11171050,"$7.46","$7.665","$7.38"
"114","05/24/2023","$182.90",137605100,"$182.23","$184.22","$178.22","$7.49",8218913,"$7.46","$7.54","$7.30"
"115","05/23/2023","$185.77",156952100,"$186.20","$192.96","$185.26","$7.55",14970190,"$7.521","$7.94","$7.50"
"116","05/22/2023","$188.87",132001400,"$180.70","$189.32","$180.11","$7.65",17459580,"$7.20","$7.7584","$7.07"
"117","05/19/2023","$180.14",136196700,"$177.17","$181.95","$176.31","$7.18",14377180,"$7.28","$7.51","$7.13"
"118","05/18/2023","$176.89",109520300,"$174.22","$177.06","$172.45","$7.29",10090260,"$7.17","$7.29","$7.11"
"119","05/17/2023","$173.86",125473600,"$168.41","$174.50","$167.185","$7.23",12650940,"$7.03","$7.24","$6.93"
"120","05/16/2023","$166.52",98288790,"$165.65","$169.5184","$164.35","$6.98",11197060,"$7.10","$7.18","$6.97"
"121","05/15/2023","$166.35",105592500,"$167.655","$169.76","$164.5499","$7.17",11608800,"$7.08","$7.19","$6.9522"
"122","05/12/2023","$167.98",157849600,"$176.07","$177.38","$167.23","$7.04",14059390,"$7.09","$7.1778","$6.89"
"123","05/11/2023","$172.08",103889900,"$168.70","$173.57","$166.79","$7.06",15402340,"$7.16","$7.29","$6.95"
"124","05/10/2023","$168.54",119840700,"$172.55","$174.43","$166.68","$7.16",18580450,"$7.365","$7.46","$7.15"
"125","05/09/2023","$169.15",88965040,"$168.95","$169.82","$166.56","$7.28",29222520,"$6.91","$7.35","$6.85"
"126","05/08/2023","$171.79",112249400,"$173.72","$173.80","$169.19","$7.71",29869420,"$7.75","$7.7999","$7.26"
"127","05/05/2023","$170.06",107607300,"$163.97","$170.7899","$163.51","$7.73",16529200,"$7.50","$7.82","$7.46"
"128","05/04/2023","$161.20",95108490,"$162.71","$162.95","$159.65","$7.38",9703702,"$7.465","$7.54","$7.255"
"129","05/03/2023","$160.61",119728000,"$160.01","$165.00","$159.91","$7.41",12392100,"$7.27","$7.65","$7.205"
"130","05/02/2023","$160.31",128259700,"$161.88","$165.49","$158.93","$7.27",13079610,"$7.36","$7.43","$7.10"
"131","05/01/2023","$161.83",109015000,"$163.17","$163.28","$158.83","$7.32",15072520,"$7.94","$7.94","$7.29"
"132","04/28/2023","$164.31",122515800,"$160.90","$165.00","$157.32","$7.94",15816380,"$7.95","$8.07","$7.7491"
"133","04/27/2023","$160.19",127015200,"$152.64","$160.48","$152.37","$8.17",33947140,"$7.34","$8.28","$7.33"
"134","04/26/2023","$153.75",153364100,"$160.29","$160.67","$153.14","$7.22",33362520,"$6.84","$7.84","$6.73"
"135","04/25/2023","$160.67",121999300,"$159.82","$163.47","$158.75","$6.74",17767670,"$6.91","$6.9601","$6.635"
"136","04/24/2023","$162.55",140006600,"$164.65","$165.65","$158.61","$7.00",10872320,"$7.04","$7.22","$6.96"
"137","04/21/2023","$165.08",123539000,"$164.80","$166.00","$161.3208","$7.03",13171860,"$7.13","$7.13","$6.86"
"138","04/20/2023","$162.99",210970800,"$166.165","$169.70","$160.56","$7.07",22642290,"$7.331","$7.53","$7.0312"
"139","04/19/2023","$180.59",125732700,"$179.10","$183.50","$177.65","$7.62",16219460,"$7.65","$7.70","$7.48"
"140","04/18/2023","$184.31",92067020,"$187.15","$187.69","$183.5775","$7.83",10167370,"$8.02","$8.08","$7.75"
"141","04/17/2023","$187.04",116662200,"$186.32","$189.69","$182.69","$7.95",13650510,"$7.73","$7.965","$7.585"
"142","04/14/2023","$185.00",96438660,"$183.95","$186.28","$182.01","$7.73",30486230,"$7.67","$7.765","$7.45"
"143","04/13/2023","$185.90",112933000,"$182.955","$186.50","$180.94","$8.25",10570560,"$8.17","$8.38","$8.16"
"144","04/12/2023","$180.54",150256300,"$190.74","$191.5846","$180.31","$8.13",14102280,"$8.64","$8.87","$8.06"
"145","04/11/2023","$186.79",115770900,"$186.69","$189.19","$185.6475","$8.46",20643700,"$8.08","$8.685","$8.06"
"146","04/10/2023","$184.51",142154600,"$179.94","$185.10","$176.11","$8.03",11520890,"$7.60","$8.07","$7.43"
"147","04/06/2023","$185.06",123857900,"$183.08","$186.39","$179.74","$7.70",8154591,"$7.63","$7.87","$7.481"
"148","04/05/2023","$185.52",133882500,"$190.515","$190.68","$183.76","$7.70",10999820,"$7.78","$7.79","$7.52"
"149","04/04/2023","$192.58",126463800,"$197.32","$198.7446","$190.32","$7.90",11125780,"$7.93","$8.00","$7.65"
"150","04/03/2023","$194.77",169545900,"$199.91","$202.6897","$192.20","$7.90",12010140,"$7.95","$8.0579","$7.645"
"151","03/31/2023","$207.46",170222100,"$197.53","$207.79","$197.20","$8.04",19553550,"$7.68","$8.20","$7.565"
"152","03/30/2023","$195.28",110252200,"$195.58","$197.33","$194.42","$7.62",11085730,"$7.77","$7.88","$7.60"
"153","03/29/2023","$193.88",123660000,"$193.13","$195.29","$189.44","$7.70",30158050,"$7.65","$7.73","$7.17"
"154","03/28/2023","$189.19",98654640,"$192.00","$192.35","$185.43","$7.55",20200220,"$8.11","$8.2392","$7.41"
"155","03/27/2023","$191.81",120851600,"$194.415","$197.39","$189.94","$8.14",11530790,"$8.30","$8.30","$8.09"
"156","03/24/2023","$190.41",116531600,"$191.65","$192.36","$187.15","$8.19",8245412,"$8.02","$8.31","$7.985"
"157","03/23/2023","$192.22",144193900,"$195.26","$199.31","$188.65","$8.19",12067330,"$8.105","$8.295","$8.01"
"158","03/22/2023","$191.15",150376400,"$199.30","$200.66","$190.95","$7.93",15098630,"$8.20","$8.315","$7.90"
"159","03/21/2023","$197.58",153391400,"$188.28","$198.00","$188.04","$8.19",17486420,"$7.85","$8.31","$7.805"
"160","03/20/2023","$183.25",129684400,"$178.08","$186.44","$176.35","$7.70",13236020,"$7.46","$7.83","$7.28"
"161","03/17/2023","$180.13",133197100,"$184.515","$186.2199","$177.33","$7.69",28236490,"$7.68","$7.8392","$7.37"
"162","03/16/2023","$184.13",121374500,"$180.365","$185.81","$178.84","$7.83",17219670,"$7.37","$7.87","$7.33"
"163","03/15/2023","$180.45",145995600,"$180.80","$182.34","$176.03","$7.40",17736160,"$7.35","$7.53","$7.23"
"164","03/14/2023","$183.26",143717900,"$177.31","$183.80","$177.1401","$7.54",18241250,"$7.92","$8.03","$7.49"
"165","03/13/2023","$174.48",167790300,"$167.455","$177.35","$163.91","$7.84",17990520,"$7.58","$7.945","$7.33"
"166","03/10/2023","$173.44",191488900,"$175.13","$178.29","$168.44","$7.87",16763400,"$8.015","$8.23","$7.69"
"167","03/09/2023","$172.92",170023800,"$180.25","$185.18","$172.5124","$8.00",19967860,"$8.25","$8.338","$7.97"
"168","03/08/2023","$182.00",151897800,"$185.04","$186.50","$180.00","$8.34",10208020,"$8.24","$8.44","$8.151"
"169","03/07/2023","$187.71",148125800,"$191.38","$194.20","$186.10","$8.31",17533470,"$8.70","$8.71","$8.27"
"170","03/06/2023","$193.81",128100100,"$198.54","$198.60","$192.30","$8.82",13876560,"$9.00","$9.18","$8.815"
"171","03/03/2023","$197.79",154193300,"$194.795","$200.48","$192.88","$8.94",19535310,"$8.67","$9.095","$8.63"
"172","03/02/2023","$190.90",181979200,"$186.74","$193.7499","$186.01","$8.53",16345230,"$8.39","$8.63","$8.13"
"173","03/01/2023","$202.77",156852800,"$206.21","$207.20","$198.52","$8.62",22734910,"$8.97","$9.06","$8.35"
"174","02/28/2023","$205.71",153144900,"$210.59","$211.23","$203.75","$9.13",23496100,"$8.715","$9.26","$8.715"
"175","02/27/2023","$207.63",161028300,"$202.03","$209.42","$201.26","$8.76",17714650,"$8.50","$8.85","$8.415"
"176","02/24/2023","$196.88",142228100,"$196.325","$197.6695","$192.80","$8.51",27562640,"$8.38","$8.55","$8.17"
"177","02/23/2023","$202.07",146360000,"$203.91","$205.14","$196.33","$8.79",66382650,"$8.63","$8.89","$8.10"
"178","02/22/2023","$200.86",191828500,"$197.93","$201.99","$191.78","$9.98",26981540,"$10.04","$10.22","$9.8215"
"179","02/21/2023","$197.37",180018600,"$204.99","$209.71","$197.22","$9.90",23461550,"$10.74","$10.74","$9.81"
"180","02/17/2023","$208.31",213738500,"$199.985","$208.44","$197.50","$10.93",15798420,"$10.585","$10.95","$10.35"
"181","02/16/2023","$202.04",229586500,"$210.78","$217.65","$201.84","$10.63",22168080,"$11.00","$11.2665","$10.62"
"182","02/15/2023","$214.24",182108600,"$211.755","$214.66","$206.11","$11.01",23359200,"$10.28","$11.07","$10.10"
"183","02/14/2023","$209.25",216455700,"$191.94","$209.82","$189.44","$10.33",17868230,"$10.01","$10.44","$9.83"
"184","02/13/2023","$194.64",172475500,"$194.415","$196.30","$187.61","$10.20",14305170,"$9.96","$10.23","$9.6352"
"185","02/10/2023","$196.89",204754100,"$202.225","$206.20","$192.89","$10.03",23229200,"$10.46","$10.46","$9.74"
"186","02/09/2023","$207.32",215431400,"$207.775","$214.00","$204.77","$10.31",33517890,"$11.72","$11.72","$10.20"
"187","02/08/2023","$201.29",180673600,"$196.10","$203.00","$194.31","$11.53",21528950,"$11.46","$12.15","$11.40"
"188","02/07/2023","$196.81",186010300,"$196.43","$197.50","$189.55","$11.57",29247180,"$11.81","$11.88","$11.11"
"189","02/06/2023","$194.76",186188100,"$193.01","$198.17","$189.92","$11.96",26373700,"$11.68","$12.13","$11.60"
"190","02/03/2023","$189.98",232662000,"$183.95","$199.00","$183.69","$11.62",30090770,"$11.70","$12.65","$11.44"
"191","02/02/2023","$188.27",217448300,"$187.325","$196.7501","$182.61","$12.07",71458690,"$12.20","$13.04","$11.86"
"192","02/01/2023","$181.41",213806300,"$173.89","$183.805","$169.93","$11.845",42035370,"$11.52","$12.14","$11.08"
"193","01/31/2023","$173.22",196813500,"$164.57","$174.30","$162.78","$11.69",50844450,"$11.53","$12.25","$11.24"
"194","01/30/2023","$166.66",230878800,"$178.05","$179.77","$166.50","$11.75",114340300,"$13.03","$13.08","$11.58"
"195","01/27/2023","$177.90",306590600,"$162.43","$180.68","$161.17","$12.87",208145200,"$8.99","$17.81","$8.91"
"196","01/26/2023","$160.27",234815100,"$159.965","$161.42","$154.76","$9.00",26298940,"$9.30","$9.3793","$8.62"
"197","01/25/2023","$144.43",192734300,"$141.905","$146.41","$138.07","$8.87",22676470,"$8.32","$8.88","$8.21"
"198","01/24/2023","$143.89",158699100,"$143.00","$146.50","$141.10","$8.60",25868850,"$8.64","$9.06","$8.52"
"199","01/23/2023","$143.75",203119200,"$135.87","$145.3793","$134.27","$8.82",37913500,"$8.00","$8.895","$7.985"
"200","01/20/2023","$133.42",138858100,"$128.68","$133.51","$127.3466","$7.82",20804180,"$7.48","$7.82","$7.425"
"201","01/19/2023","$127.17",170291900,"$127.26","$129.99","$124.3082","$7.45",29192200,"$8.01","$8.0743","$7.40"
"202","01/18/2023","$128.78",195680300,"$136.555","$136.68","$127.01","$8.16",24861750,"$8.19","$8.34","$7.86"
"203","01/17/2023","$131.49",186477000,"$125.695","$131.70","$125.02","$8.05",21989980,"$8.16","$8.32","$7.915"
"204","01/13/2023","$122.40",180714100,"$116.55","$122.63","$115.60","$8.15",29230430,"$7.952","$8.18","$7.75"
"205","01/12/2023","$123.56",169400900,"$122.56","$124.1311","$117.00","$8.31",45046860,"$8.38","$8.47","$7.80"
"206","01/11/2023","$123.22",183810800,"$122.09","$125.95","$120.51","$7.93",44543070,"$7.22","$8.00","$7.0691"
"207","01/10/2023","$118.85",167642500,"$121.07","$122.76","$114.92","$7.19",25980590,"$6.86","$7.22","$6.73"
"208","01/09/2023","$119.77",190284000,"$118.96","$123.52","$117.11","$6.78",27341980,"$6.49","$6.98","$6.375"
"209","01/06/2023","$113.06",220911100,"$103.00","$114.39","$101.81","$6.36",24539340,"$6.15","$6.43","$6.09"
"210","01/05/2023","$110.34",157986300,"$110.51","$111.75","$107.1601","$6.25",21449720,"$6.34","$6.3938","$6.17"
"211","01/04/2023","$113.64",180389000,"$109.11","$114.59","$107.52","$6.48",26173380,"$6.25","$6.72","$6.15"
"212","01/03/2023","$108.10",231402800,"$118.47","$118.80","$104.64","$6.17",31442210,"$6.97","$7.07","$6.14"
"213","12/30/2022","$123.18",157777300,"$119.95","$124.48","$119.75","$6.83",22489780,"$6.55","$6.83","$6.515"
"214","12/29/2022","$121.82",221923300,"$120.385","$123.57","$117.495","$6.70",26601590,"$6.60","$6.90","$6.48"
"215","12/28/2022","$112.71",221070500,"$110.35","$116.27","$108.24","$6.38",27973140,"$6.25","$6.64","$6.215"
"216","12/27/2022","$109.10",208643400,"$117.495","$119.67","$108.76","$6.20",35811180,"$6.608","$6.61","$6.18"
"217","12/23/2022","$123.15",166989700,"$126.37","$128.6173","$121.02","$6.70",22584950,"$6.88","$6.90","$6.59"
"218","12/22/2022","$125.35",210090300,"$136.00","$136.63","$122.26","$6.89",35161350,"$7.12","$7.17","$6.63"
"219","12/21/2022","$137.57",145417400,"$139.335","$141.26","$135.89","$7.18",26956150,"$7.39","$7.39","$7.15"
"220","12/20/2022","$137.80",159563300,"$146.05","$148.47","$137.66","$7.23",42410700,"$7.57","$7.89","$7.22"
"221","12/19/2022","$149.87",139390600,"$154.00","$155.25","$145.82","$7.23",22954070,"$7.35","$7.37","$7.05"
"222","12/16/2022","$150.23",139032200,"$159.635","$160.99","$150.04","$7.37",41837820,"$7.405","$7.62","$7.185"
"223","12/15/2022","$157.67",122334500,"$153.44","$160.9299","$153.28","$7.45",31343420,"$7.71","$7.82","$7.43"
"224","12/14/2022","$156.80",140682300,"$159.25","$161.62","$155.31","$7.68",29881890,"$7.96","$7.97","$7.59"
"225","12/13/2022","$160.95",175862700,"$174.87","$175.05","$156.91","$7.99",40408080,"$8.70","$8.955","$7.94"
"226","12/12/2022","$167.82",109794500,"$176.10","$177.37","$167.52","$8.28",26159760,"$8.54","$8.59","$8.13"
"227","12/09/2022","$179.05",104872300,"$173.84","$182.50","$173.36","$8.68",43064560,"$8.53","$8.69","$8.14"
"228","12/08/2022","$173.44",97624490,"$172.20","$175.20","$169.06","$8.68",24855930,"$8.62","$8.84","$8.405"
"229","12/07/2022","$174.04",84213280,"$175.03","$179.38","$172.218","$8.61",23903930,"$8.50","$8.735","$8.2853"
"230","12/06/2022","$179.82",92150820,"$181.215","$183.65","$175.33","$8.65",39132220,"$9.52","$9.52","$8.54"
"231","12/05/2022","$182.45",93122670,"$189.44","$191.27","$180.55","$9.43",26098200,"$10.11","$10.19","$9.40"
"232","12/02/2022","$194.86",73645920,"$191.78","$196.25","$191.11","$10.15",27456300,"$9.64","$10.165","$9.55"
"233","12/01/2022","$194.70",80046210,"$197.08","$198.92","$191.80","$9.83",27314300,"$10.105","$10.235","$9.57"
"234","11/30/2022","$194.70",109186400,"$182.43","$194.76","$180.6301","$10.14",69551920,"$9.86","$10.36","$9.84"
"235","11/29/2022","$180.83",83357110,"$184.99","$186.38","$178.75","$9.76",19666560,"$10.05","$10.07","$9.70"
"236","11/28/2022","$182.92",93038150,"$179.96","$188.50","$179.00","$9.85",24186890,"$9.985","$10.1884","$9.83"
"237","11/25/2022","$182.86",50672740,"$185.06","$185.20","$180.63","$10.02",12414210,"$10.27","$10.28","$9.965"
"238","11/23/2022","$183.20",109536700,"$173.57","$183.62","$172.50","$10.25",18478570,"$10.24","$10.35","$10.0514"
"239","11/22/2022","$169.91",78452330,"$168.63","$170.92","$166.185","$10.13",23082780,"$10.39","$10.39","$9.98"
"240","11/21/2022","$167.87",92882710,"$175.85","$176.77","$167.54","$10.31",32052730,"$11.11","$11.11","$10.25"
"241","11/18/2022","$180.19",76048870,"$185.05","$185.19","$176.55","$11.26",14755860,"$11.58","$11.66","$11.085"
"242","11/17/2022","$183.17",64335970,"$183.96","$186.16","$180.90","$11.46",18377410,"$11.24","$11.49","$11.03"
"243","11/16/2022","$186.92",66567600,"$191.51","$192.57","$185.66","$11.37",23032360,"$12.30","$12.30","$11.32"
"244","11/15/2022","$194.42",91293790,"$195.88","$200.8237","$192.06","$12.36",21744990,"$12.715","$12.82","$12.30"
"245","11/14/2022","$190.95",92226650,"$192.77","$195.73","$186.34","$12.21",18403840,"$12.88","$12.96","$12.1018"
"246","11/11/2022","$195.97",114403600,"$186.00","$196.52","$182.59","$12.91",29191480,"$12.13","$13.1785","$12.07"
"247","11/10/2022","$190.72",132703000,"$189.90","$191.00","$180.03","$12.11",42963120,"$12.01","$12.34","$11.37"
"248","11/09/2022","$177.59",127062700,"$190.775","$195.89","$177.12","$11.21",52598510,"$12.49","$12.53","$10.89"
"249","11/08/2022","$191.30",128803400,"$194.02","$195.20","$186.75","$13.50",23031450,"$13.91","$14.04","$13.07"
"250","11/07/2022","$197.08",93916520,"$208.65","$208.90","$196.66","$13.85",16367960,"$14.05","$14.20","$13.205"
"251","11/04/2022","$207.47",98622210,"$222.60","$223.80","$203.08","$13.89",19218420,"$14.04","$14.34","$13.30"
"252","11/03/2022","$215.31",56538850,"$211.36","$221.20","$210.14","$13.64",10715250,"$13.23","$14.075","$13.15"
"253","11/02/2022","$214.98",63070290,"$226.04","$227.8699","$214.82","$13.34",14289030,"$13.67","$14.35","$13.315"
"254","11/01/2022","$227.82",62688820,"$234.05","$237.3951","$227.28","$13.62",14636460,"$14.67","$14.84","$13.60"
"255","10/31/2022","$227.54",61554340,"$226.19","$229.85","$221.94","$14.29",24662350,"$14.16","$14.675","$14.045"
"256","10/28/2022","$228.52",69152390,"$225.40","$228.86","$216.35","$14.23",12837100,"$13.79","$14.30","$13.65"
"257","10/27/2022","$225.09",61638820,"$229.77","$233.81","$222.85","$13.79",11174020,"$14.05","$14.38","$13.68"
"258","10/26/2022","$224.64",85327080,"$219.40","$230.60","$218.20","$13.91",15090410,"$13.74","$14.52","$13.62"
"259","10/25/2022","$222.415",96507870,"$210.10","$224.3498","$210.00","$13.92",22487620,"$12.90","$14.17","$12.90"
"260","10/24/2022","$211.25",100446800,"$205.82","$213.50","$198.5863","$12.80",14457680,"$13.17","$13.175","$12.53"
"261","10/21/2022","$214.44",75713750,"$206.415","$214.66","$203.80","$13.31",17222210,"$12.46","$13.42","$12.28"
"262","10/20/2022","$207.28",117798100,"$208.28","$215.55","$202.00","$12.60",17586540,"$12.71","$13.10","$12.36"
"263","10/19/2022","$222.04",66571480,"$219.80","$222.93","$217.78","$12.64",11700870,"$12.845","$12.93","$12.45"
"264","10/18/2022","$220.19",75891910,"$229.50","$229.82","$217.25","$13.01",16688540,"$12.92","$13.16","$12.515"
"265","10/17/2022","$219.35",79428810,"$210.04","$221.86","$209.45","$12.41",18897350,"$12.35","$12.92","$12.3441"
"266","10/14/2022","$204.99",94124510,"$224.01","$226.26","$204.16","$11.89",23536680,"$13.18","$13.22","$11.87"
"267","10/13/2022","$221.72",91483050,"$208.30","$222.99","$206.22","$13.01",20889250,"$12.74","$13.24","$12.375"
"268","10/12/2022","$217.24",66860700,"$215.33","$219.2999","$211.51","$13.09",23191810,"$13.25","$13.50","$12.61"
"269","10/11/2022","$216.50",77013200,"$220.945","$225.75","$215.00","$12.65",22025110,"$12.43","$13.2173","$12.20"
"270","10/10/2022","$222.96",67925020,"$223.93","$226.99","$218.3582","$12.48",20767800,"$13.23","$13.26","$12.29"
"271","10/07/2022","$223.07",83916800,"$233.935","$234.5715","$222.02","$13.17",21772500,"$14.061","$14.18","$13.12"
"272","10/06/2022","$238.13",69298440,"$239.44","$244.58","$235.35","$14.41",13163680,"$15.018","$15.30","$14.305"
"273","10/05/2022","$240.81",86982670,"$245.01","$246.6697","$233.27","$14.99",11615340,"$14.961","$15.17","$14.51"
"274","10/04/2022","$249.44",109578500,"$250.52","$257.50","$242.01","$15.40",22799940,"$14.51","$15.68","$14.51"
"275","10/03/2022","$242.40",98363540,"$254.50","$255.16","$241.01","$14.09",19230870,"$14.00","$14.22","$13.52"
"276","09/30/2022","$265.25",67726600,"$266.145","$275.57","$262.47","$13.97",12259270,"$14.05","$14.44","$13.87"
"277","09/29/2022","$268.21",77620640,"$282.76","$283.65","$265.78","$14.19",14281710,"$14.98","$15.00","$13.99"
"278","09/28/2022","$287.81",54664810,"$283.08","$289.00","$277.57","$15.22",15089800,"$14.52","$15.32","$14.355"
"279","09/27/2022","$282.94",61925190,"$283.84","$288.67","$277.51","$14.41",20173230,"$14.81","$15.18","$14.15"
"280","09/26/2022","$276.01",58076910,"$271.83","$284.09","$270.31","$14.06",11486250,"$14.05","$14.65","$13.9515"
"281","09/23/2022","$275.33",63748360,"$283.09","$284.50","$272.82","$14.03",18635850,"$14.17","$14.25","$13.58"
"282","09/22/2022","$288.59",70545410,"$299.86","$301.29","$285.82","$14.31",20375890,"$15.45","$15.58","$14.12"
"283","09/21/2022","$300.80",62555660,"$308.29","$313.80","$300.63","$15.56",16880000,"$15.39","$16.16","$15.28"
"284","09/20/2022","$308.73",61642780,"$306.91","$313.33","$305.58","$15.34",12585580,"$15.82","$15.951","$15.23"
"285","09/19/2022","$309.07",60231160,"$300.09","$309.84","$297.80","$15.94",18925120,"$16.06","$16.41","$15.44"
"286","09/16/2022","$303.35",87087790,"$299.605","$303.71","$295.6005","$16.18",50642790,"$16.13","$17.69","$16.08"
"287","09/15/2022","$303.75",64795520,"$301.825","$309.12","$300.7247","$16.49",19007530,"$16.40","$17.33","$16.34"
"288","09/14/2022","$302.61",72628650,"$292.24","$306.00","$291.64","$16.63",21932170,"$16.02","$16.88","$15.975"
"289","09/13/2022","$292.13",68229620,"$292.90","$297.3999","$290.40","$16.10",21307210,"$15.81","$16.68","$15.64"
"290","09/12/2022","$304.42",48674600,"$300.72","$305.49","$300.40","$16.55",24276510,"$15.45","$16.597","$15.31"
"291","09/09/2022","$299.68",54470850,"$291.67","$299.85","$291.245","$15.08",18030650,"$15.00","$15.42","$14.93"
"292","09/08/2022","$289.26",53713120,"$281.30","$289.50","$279.76","$14.99",11854440,"$14.46","$14.99","$14.385"
"293","09/07/2022","$283.70",50028920,"$273.10","$283.84","$272.27","$14.70",17388180,"$14.464","$14.75","$13.863"
"294","09/06/2022","$274.42",55859980,"$272.675","$275.99","$265.74","$14.61",17263260,"$15.04","$15.13","$14.58"
"295","09/02/2022","$270.21",50890090,"$281.065","$282.35","$269.08","$15.16",13695290,"$15.47","$15.63","$14.99"
"296","09/01/2022","$277.16",54287020,"$272.575","$277.58","$266.15","$15.38",13605630,"$15.21","$15.405","$14.79"
"297","08/31/2022","$275.61",52107340,"$280.62","$281.25","$271.81","$15.34",13917190,"$15.32","$15.5185","$14.96"
"298","08/30/2022","$277.70",50541760,"$287.865","$288.48","$272.65","$15.15",27308580,"$15.80","$15.85","$14.89"
"299","08/29/2022","$284.82",41864740,"$282.83","$287.74","$280.70","$16.17",8469340,"$16.09","$16.4499","$15.86"
"300","08/26/2022","$288.09",57163950,"$297.43","$302.00","$287.47","$16.24",13160280,"$17.10","$17.28","$16.21"
"301","08/25/2022","$296.07",53230010,"$302.36","$302.96","$291.60","$16.98",10480880,"$16.70","$17.23","$16.58"
"302","08/24/2022","$297.0966",57259716,"$297.5633","$303.6466","$296.50","$16.44",11934800,"$16.25","$16.84","$15.955"
"303","08/23/2022","$296.4533",63985056,"$291.4533","$298.8266","$287.9233","$15.98",11651130,"$16.26","$16.44","$15.95"
"304","08/22/2022","$289.9133",55843356,"$291.9133","$292.40","$286.2966","$16.10",15375310,"$16.775","$16.775","$16.03"
"305","08/19/2022","$296.6666",61395396,"$299.00","$300.36","$292.50","$16.75",26005810,"$17.98","$17.99","$16.69"
"306","08/18/2022","$302.87",47500535,"$306.00","$306.50","$301.8533","$18.23",10206410,"$18.58","$18.60","$18.01"
"307","08/17/2022","$303.9966",68765977,"$303.3966","$309.6566","$300.0333","$18.46",11017310,"$18.66","$18.79","$18.15"
"308","08/16/2022","$306.5633",88136319,"$311.6666","$314.6666","$302.8833","$18.93",12998080,"$18.62","$19.155","$18.18"
"309","08/15/2022","$309.32",89359179,"$301.7866","$313.1333","$301.23","$18.76",10488250,"$18.36","$19.08","$18.31"
"310","08/12/2022","$300.03",79657298,"$289.415","$300.16","$285.0333","$18.66",13906180,"$18.25","$18.71","$17.829"
"311","08/11/2022","$286.63",70155067,"$296.5133","$298.2366","$285.8333","$18.09",19662450,"$18.39","$18.92","$18.02"
"312","08/10/2022","$294.3566",94918869,"$297.0666","$297.51","$283.37","$18.22",19041290,"$18.07","$18.34","$17.51"
"313","08/09/2022","$283.3333",86244699,"$290.2933","$292.3966","$279.3533","$17.46",23944600,"$18.52","$18.53","$17.125"
"314","08/08/2022","$290.4233",99365290,"$295.00","$305.20","$289.0854","$18.72",21703020,"$18.18","$19.71","$18.075"
"315","08/05/2022","$288.17",113172911,"$302.67","$304.6066","$285.5446","$18.05",16542600,"$18.40","$18.60","$17.92"
"316","08/04/2022","$308.6333",72256327,"$311.00","$313.6066","$305.00","$18.56",37355210,"$18.04","$18.86","$18.00"
"317","08/03/2022","$307.3966",80091128,"$305.00","$309.55","$301.15","$20.56",29292230,"$19.82","$20.62","$19.53"
"318","08/02/2022","$300.5866",95577490,"$294.0033","$307.8333","$292.6666","$19.73",20507440,"$18.22","$19.99","$17.82"
"319","08/01/2022","$297.2766",117042912,"$301.275","$311.8782","$295.00","$18.53",15465760,"$18.21","$18.69","$17.77"
"320","07/29/2022","$297.15",95312890,"$280.70","$298.32","$279.10","$18.25",16504000,"$18.00","$18.29","$17.88"
"321","07/28/2022","$280.90",84723008,"$280.0666","$283.30","$272.80","$18.24",16839430,"$18.74","$19.0238","$17.775"
"322","07/27/2022","$274.82",88110009,"$263.81","$275.9256","$261.79","$18.43",15565970,"$18.44","$18.595","$17.87"
"323","07/26/2022","$258.86",66820777,"$266.5133","$267.3099","$256.2633","$18.09",11087870,"$18.48","$18.565","$17.89"
"324","07/25/2022","$268.4333",64073526,"$272.2166","$274.1466","$267.40","$18.74",11624210,"$19.78","$19.90","$18.64"
"325","07/22/2022","$272.2433",103472860,"$276.22","$280.7866","$270.7133","$19.68",14026810,"$21.45","$21.45","$19.54"
"326","07/21/2022","$271.7066",142032194,"$255.1066","$273.2666","$254.8666","$21.48",15841820,"$21.14","$21.78","$20.781"
"327","07/20/2022","$247.50",88864089,"$246.7833","$250.6633","$243.483","$21.27",15250110,"$20.36","$21.34","$20.36"
"328","07/19/2022","$245.53",80890118,"$245.00","$247.14","$236.9766","$20.38",11280280,"$20.49","$20.55","$19.86"
"329","07/18/2022","$240.5466",82537448,"$244.9366","$250.5166","$239.6033","$19.96",17273800,"$20.07","$21.08","$19.86"
"330","07/15/2022","$240.0666",69683017,"$240.00","$243.6233","$236.89","$19.68",13949470,"$20.12","$20.29","$19.21"
"331","07/14/2022","$238.3133",78557498,"$234.8966","$238.6533","$229.3333","$20.11",12948490,"$19.44","$20.15","$18.96"
"332","07/13/2022","$237.04",97954510,"$225.50","$242.0599","$225.0333","$19.51",12273150,"$18.65","$19.7488","$18.55"
"333","07/12/2022","$233.07",87930969,"$236.8466","$239.7733","$228.3683","$19.33",12437530,"$18.74","$19.46","$18.245"
"334","07/11/2022","$234.3433",99509230,"$252.1033","$253.0633","$233.6266","$18.53",11690920,"$19.92","$20.02","$18.50"
"335","07/08/2022","$250.7633",101854090,"$242.3333","$254.9799","$241.1614","$19.99",24362130,"$19.44","$20.61","$19.32"
"336","07/07/2022","$244.5433",81930698,"$233.92","$245.3616","$232.21","$19.81",19510420,"$18.29","$19.875","$18.06"
"337","07/06/2022","$231.7333",71853637,"$230.78","$234.5633","$227.1866","$18.22",21390600,"$17.35","$18.51","$17.31"
"338","07/05/2022","$233.0666",84779108,"$223.00","$233.1466","$216.1667","$17.23",14896630,"$16.78","$17.24","$16.35"
"339","07/01/2022","$227.2633",74460457,"$227.00","$230.23","$222.12","$17.00",14083070,"$17.055","$17.52","$16.43"
"340","06/30/2022","$224.4733",94600449,"$224.51","$229.4566","$218.8633","$17.16",13188800,"$17.24","$17.66","$16.545"
"341","06/29/2022","$228.49",82897268,"$230.50","$231.1733","$222.2733","$17.30",10918330,"$17.69","$17.93","$17.20"
"342","06/28/2022","$232.6633",90666519,"$244.4833","$249.97","$232.3433","$17.94",11483030,"$18.25","$18.7577","$17.85"
"343","06/27/2022","$244.92",89178309,"$249.3666","$252.07","$242.5655","$18.39",16882590,"$19.01","$19.34","$17.94"
"344","06/24/2022","$245.7066",95770720,"$237.4683","$246.0666","$236.0866","$19.21",50116980,"$19.59","$19.87","$18.77"
"345","06/23/2022","$235.07",104202700,"$237.905","$239.3166","$228.6366","$19.30",24147040,"$18.11","$19.65","$17.99"
"346","06/22/2022","$236.0866",101527270,"$234.5033","$246.8333","$233.8266","$18.03",14327530,"$17.66","$18.58","$17.48"
"347","06/21/2022","$237.0366",122792982,"$224.6033","$243.5773","$224.3333","$17.90",21750440,"$17.16","$18.685","$17.15"
"348","06/17/2022","$216.76",92641779,"$213.4333","$220.9694","$213.1966","$16.63",24043980,"$15.99","$16.81","$15.6107"
"349","06/16/2022","$213.10",107390711,"$222.7366","$225.1666","$208.6933","$15.55",19089820,"$16.85","$17.00","$15.30"
"350","06/15/2022","$233.00",119131962,"$220.9166","$235.6633","$218.15","$17.52",17671250,"$16.30","$17.6599","$16.22"
"351","06/14/2022","$220.89",97988800,"$218.2866","$226.33","$211.7366","$16.60",15723080,"$16.50","$16.95","$15.80"
"352","06/13/2022","$215.7366",102767260,"$223.1666","$226.6333","$214.6833","$16.31",18563850,"$17.01","$17.19","$16.16"
"353","06/10/2022","$232.23",98090920,"$235.1566","$239.50","$227.9133","$18.02",14394930,"$18.52","$19.14","$18.00"
"354","06/09/2022","$239.7066",96491320,"$249.34","$255.5466","$239.3266","$18.88",16010800,"$19.344","$19.66","$18.80"
"355","06/08/2022","$241.8666",76210628,"$240.0866","$249.9633","$239.1766","$19.59",15619290,"$19.01","$20.1098","$18.97"
"356","06/07/2022","$238.8866",72808597,"$234.00","$239.9966","$230.0933","$18.96",12597960,"$18.92","$19.395","$18.64"
"357","06/06/2022","$238.28",84204518,"$244.3533","$244.8666","$234.35","$19.15",15920900,"$19.04","$19.98","$18.79"
"358","06/03/2022","$234.5166",112393751,"$243.225","$247.7966","$233.4178","$18.67",18144850,"$19.24","$19.38","$18.3224"
"359","06/02/2022","$258.3333",93473139,"$244.1566","$264.21","$242.0666","$19.96",15615460,"$19.31","$20.1509","$18.90"
"360","06/01/2022","$246.79",77247968,"$251.72","$257.3266","$243.64","$19.50",15746870,"$20.30","$20.545","$19.263"
"361","05/31/2022","$252.7533",101914390,"$257.9466","$259.60","$244.7433","$20.18",24021280,"$20.07","$20.725","$19.38"
"362","05/27/2022","$253.21",89294979,"$241.0833","$253.2666","$240.177","$19.83",19140040,"$19.23","$19.88","$19.13"
"363","05/26/2022","$235.91",106003361,"$220.4733","$239.5566","$217.8866","$18.89",25111660,"$17.26","$19.30","$17.20"
"364","05/25/2022","$219.60",92139339,"$207.95","$223.1066","$207.67","$17.45",18661620,"$17.045","$17.59","$16.76"
"365","05/24/2022","$209.3866",89092539,"$217.8433","$217.9733","$206.8566","$17.10",18049770,"$17.97","$18.30","$16.86"
"366","05/23/2022","$224.9666",88903659,"$218.34","$226.6517","$212.6866","$18.40",15852300,"$18.31","$18.56","$17.70"
"367","05/20/2022","$221.30",144973334,"$237.9966","$240.5273","$211.00","$18.39",28540940,"$19.74","$19.80","$17.345"
"368","05/19/2022","$236.4733",90296679,"$235.6666","$244.6666","$231.37","$19.27",39616390,"$17.748","$19.93","$17.46"
"369","05/18/2022","$236.6033",87811809,"$248.1733","$253.50","$233.6033","$17.36",22487250,"$17.58","$18.4057","$17.065"
"370","05/17/2022","$253.87",80236118,"$249.12","$254.8266","$242.95","$17.85",18908000,"$17.51","$18.39","$17.272"
"371","05/16/2022","$241.4566",86098539,"$255.72","$256.5866","$239.6961","$17.36",18649810,"$18.03","$18.54","$17.24"
"372","05/13/2022","$256.53",92150739,"$257.8266","$262.4499","$250.5216","$18.01",38888140,"$16.25","$18.33","$16.25"
"373","05/12/2022","$242.6666",140312864,"$233.6666","$253.22","$226.6666","$15.69",42817000,"$13.57","$16.42","$13.25"
"374","05/11/2022","$244.6666",97224460,"$265.00","$269.9233","$242.40","$13.86",44037630,"$15.87","$15.96","$13.67"
"375","05/10/2022","$266.68",84401648,"$273.1033","$275.12","$258.0833","$15.95",31561940,"$17.27","$17.27","$15.35"
"376","05/09/2022","$262.37",90810219,"$278.8166","$281.8766","$260.3833","$16.35",40917310,"$17.335","$17.445","$16.18"
"377","05/06/2022","$288.55",72903127,"$295.6666","$296.00","$281.035","$18.15",25371750,"$18.56","$19.08","$17.435"
"378","05/05/2022","$291.0933",92519199,"$313.07","$315.20","$285.90","$18.85",22846530,"$19.91","$19.92","$18.35"
"379","05/04/2022","$317.54",81643718,"$301.3133","$318.50","$295.0933","$20.26",20505900,"$19.325","$20.30","$18.71"
"380","05/03/2022","$303.0833",63709596,"$301.06","$308.0266","$296.1966","$19.60",16090800,"$18.96","$19.68","$18.8101"
"381","05/02/2022","$300.98",75781388,"$286.9233","$302.1199","$282.6766","$19.06",19301450,"$18.08","$19.10","$17.65"
"382","04/29/2022","$290.2533",88133019,"$300.75","$311.4666","$290.00","$18.08",19048220,"$18.88","$19.49","$18.02"
"383","04/28/2022","$292.5033",124948542,"$299.9933","$300.00","$273.90","$18.89",25110340,"$18.44","$19.05","$17.50"
"384","04/27/2022","$293.8366",76956398,"$299.5266","$306.00","$292.4533","$18.07",29054490,"$18.68","$18.70","$17.99"
"385","04/26/2022","$292.14",136133684,"$331.81","$333.3333","$291.6666","$17.64",39892440,"$19.255","$19.34","$17.61"
"386","04/25/2022","$332.6733",68341357,"$326.3233","$336.2066","$325.10","$19.33",23859360,"$18.965","$19.48","$18.76"
"387","04/22/2022","$335.0166",69696577,"$338.3033","$344.95","$331.3333","$19.11",22323920,"$19.64","$20.01","$18.91"
"388","04/21/2022","$336.26",105416351,"$358.2433","$364.0733","$332.1383","$19.55",23924850,"$21.32","$21.87","$19.4749"
"389","04/20/2022","$325.7333",70711327,"$343.3333","$344.6666","$325.0833","$20.87",13957020,"$21.205","$21.285","$20.61"
"390","04/19/2022","$342.7166",49847825,"$335.02","$344.98","$331.775","$21.41",18312660,"$20.22","$21.445","$19.80"
"391","04/18/2022","$334.7633",51715235,"$329.6766","$338.3066","$324.47","$20.32",21821420,"$20.98","$21.11","$19.86"
"392","04/14/2022","$328.3333",58422426,"$333.0966","$337.5699","$327.3966","$21.01",18857980,"$21.88","$22.08","$20.91"
"393","04/13/2022","$340.79",55121226,"$327.025","$342.08","$324.3656","$22.05",22126120,"$21.33","$22.13","$20.83"
"394","04/12/2022","$328.9833",65976097,"$332.5466","$340.3973","$325.5333","$21.29",21902600,"$22.38","$22.69","$21.10"
"395","04/11/2022","$325.31",59357226,"$326.80","$336.156","$324.88","$21.70",20100100,"$21.625","$22.645","$21.0995"
"396","04/08/2022","$341.83",55013706,"$347.7366","$349.48","$340.8116","$21.67",15131060,"$22.06","$22.34","$21.55"
"397","04/07/2022","$352.42",79447058,"$350.7966","$358.8633","$340.5133","$22.32",21276980,"$23.10","$23.22","$21.4593"
"398","04/06/2022","$348.5866",89348559,"$357.8233","$359.6666","$342.5666","$22.99",19407070,"$23.60","$23.60","$22.61"
"399","04/05/2022","$363.7533",80075018,"$378.7666","$384.29","$362.4333","$23.73",21146350,"$25.21","$26.16","$23.65"
"400","04/04/2022","$381.8166",82177718,"$363.1266","$383.3033","$357.51","$25.21",17068220,"$24.66","$25.43","$24.64"
"401","04/01/2022","$361.53",54263225,"$360.3833","$364.9166","$355.5466","$24.55",17174970,"$25.39","$25.56","$24.26"
"402","03/31/2022","$359.20",48992765,"$364.8566","$367.7133","$358.8803","$25.40",17399100,"$26.54","$26.5492","$25.25"
"403","03/30/2022","$364.6633",59865006,"$363.7233","$371.3166","$361.3333","$26.50",21638420,"$27.18","$28.135","$26.20"
"404","03/29/2022","$366.5233",73614817,"$369.33","$371.59","$357.7033","$27.36",33667100,"$25.56","$27.60","$25.46"
"405","03/28/2022","$363.9466",102506080,"$355.0333","$365.9599","$351.20","$25.38",18224240,"$25.34","$25.9465","$24.64"
"406","03/25/2022","$336.88",62031546,"$336.00","$340.5999","$332.44","$25.16",17276700,"$25.94","$26.06","$24.52"
"407","03/24/2022","$337.9733",68920897,"$336.5766","$341.4966","$329.60","$26.25",14925230,"$26.01","$26.57","$25.03"
"408","03/23/2022","$333.0366",120676152,"$326.6466","$346.90","$325.4666","$25.90",20981250,"$26.50","$26.81","$25.7119"
"409","03/22/2022","$331.3266",105868571,"$310.00","$332.62","$307.25","$26.65",30663430,"$25.45","$27.25","$25.1212"
"410","03/21/2022","$307.0533",81981668,"$304.9933","$314.2833","$302.3633","$25.39",17521320,"$25.85","$26.20","$24.82"
"411","03/18/2022","$301.7966",100414210,"$291.4966","$302.6166","$289.13","$25.67",34740330,"$24.94","$26.15","$24.65"
"412","03/17/2022","$290.5333",66582967,"$276.9966","$291.6666","$275.2392","$24.65",21491170,"$23.32","$24.93","$22.8512"
"413","03/16/2022","$280.0766",84028838,"$269.6666","$280.6666","$267.42","$23.62",28443710,"$22.13","$23.895","$22.13"
"414","03/15/2022","$267.2966",66841147,"$258.4233","$268.5233","$252.19","$21.98",20404170,"$21.50","$22.03","$20.49"
"415","03/14/2022","$255.4566",71152267,"$260.2033","$266.90","$252.0133","$21.55",21366220,"$22.63","$23.25","$21.3138"
"416","03/11/2022","$265.1166",67037167,"$280.0656","$281.2673","$264.59","$22.92",18824700,"$24.05","$24.23","$22.81"
"417","03/10/2022","$279.4333",58648656,"$283.8166","$284.8166","$270.12","$24.21",16508760,"$24.91","$24.91","$23.51"
"418","03/09/2022","$286.3233",59183976,"$279.8266","$286.8533","$277.3366","$25.26",18168840,"$25.13","$25.5331","$24.75"
"419","03/08/2022","$274.80",80399108,"$265.1766","$283.33","$260.7233","$24.24",33349550,"$22.855","$25.71","$22.61"
"420","03/07/2022","$268.1933",72494167,"$285.4333","$288.7133","$268.19","$23.17",35110250,"$22.94","$24.41","$22.90"
"421","03/04/2022","$279.43",67179877,"$283.0333","$285.2166","$275.0536","$22.63",33251940,"$22.619","$23.73","$22.01"
"422","03/03/2022","$279.7633",61623516,"$292.9233","$295.4796","$277.5333","$22.63",28893060,"$24.49","$24.52","$22.41"
"423","03/02/2022","$293.2966",74643457,"$290.71","$295.4933","$281.424","$24.58",24038200,"$24.72","$24.77","$23.60"
"424","03/01/2022","$288.1233",74766877,"$289.8933","$296.6266","$284.5933","$24.99",62757690,"$24.485","$25.75","$23.38"
"425","02/28/2022","$290.1433",99006880,"$271.67","$292.2866","$271.5691","$28.98",51761780,"$26.74","$29.0499","$26.17"
"426","02/25/2022","$269.9566",76067768,"$269.7433","$273.1666","$260.8001","$26.35",28287180,"$25.44","$27.00","$24.56"
"427","02/24/2022","$266.9233",135322304,"$233.4633","$267.4933","$233.3333","$25.28",35062740,"$22.012","$25.445","$21.77"
"428","02/23/2022","$254.68",95257030,"$276.81","$278.4332","$253.52","$23.97",27159590,"$25.765","$26.19","$23.80"
"429","02/22/2022","$273.8433",83288198,"$278.0433","$285.5779","$267.0333","$25.51",32634500,"$25.765","$27.28","$24.94"
"430","02/18/2022","$285.66",68501857,"$295.3333","$295.6233","$279.2033","$26.59",28475080,"$27.825","$28.2799","$25.785"
"431","02/17/2022","$292.1166",55178436,"$304.42","$306.1666","$291.3666","$28.11",24810580,"$28.44","$30.12","$27.92"
"432","02/16/2022","$307.7966",51294395,"$304.6833","$308.8099","$300.4033","$29.00",15842000,"$28.335","$29.18","$27.86"
"433","02/15/2022","$307.4766",57649536,"$300.00","$307.6666","$297.7924","$28.87",22330270,"$28.11","$28.89","$27.62"
"434","02/14/2022","$291.92",67756417,"$287.19","$299.6266","$284.3833","$27.44",41217450,"$25.812","$28.41","$25.68"
"435","02/11/2022","$286.6666",79645868,"$303.21","$305.32","$283.5666","$25.84",28761830,"$27.525","$28.20","$25.61"
"436","02/10/2022","$301.5166",66126847,"$302.79","$314.6033","$298.90","$27.91",24458350,"$27.65","$29.40","$27.44"
"437","02/09/2022","$310.6666",52259555,"$311.6666","$315.4233","$306.6666","$28.83",21808580,"$27.77","$28.94","$27.59"
"438","02/08/2022","$307.3333",50729015,"$301.8433","$308.7633","$298.2666","$27.43",19193240,"$26.80","$27.63","$25.89"
"439","02/07/2022","$302.4466",60994476,"$307.93","$315.9233","$300.9029","$26.97",22540040,"$27.61","$28.33","$26.40"
"440","02/04/2022","$307.7733",73625467,"$299.0733","$312.1666","$293.7233","$27.55",20394510,"$26.98","$27.85","$26.21"
"441","02/03/2022","$297.0466",78855578,"$294.00","$312.3333","$293.5066","$26.95",30180370,"$26.50","$28.59","$26.29"
"442","02/02/2022","$301.8866",66793057,"$309.3933","$310.50","$296.47","$27.68",35301460,"$29.225","$29.96","$27.40"
"443","02/01/2022","$310.4166",73138357,"$311.7366","$314.5666","$301.6666","$29.96",38972250,"$30.525","$30.85","$28.62"
"444","01/31/2022","$312.24",104436100,"$290.9033","$312.6633","$287.35","$29.39",41743100,"$28.115","$29.48","$27.42"
"445","01/28/2022","$282.1166",134788963,"$277.1866","$285.8333","$264.0033","$27.15",66779510,"$28.0579","$28.4299","$25.6327"
"446","01/27/2022","$276.3666",147109575,"$311.12","$311.7966","$276.3333","$28.70",67318160,"$33.85","$33.91","$28.39"
"447","01/26/2022","$312.47",104867290,"$317.4766","$329.23","$302.00","$33.41",51058140,"$36.29","$36.88","$32.99"
"448","01/25/2022","$306.1333",86595909,"$304.7333","$317.0866","$301.07","$35.46",27029070,"$36.63","$37.55","$35.22"
"449","01/24/2022","$310.00",152375145,"$301.5866","$311.171","$283.8233","$37.75",46145340,"$36.14","$37.88","$34.12"
"450","01/21/2022","$314.6333",103416040,"$332.1133","$334.85","$313.50","$37.75",38254050,"$39.03","$39.98","$37.185"
"451","01/20/2022","$332.09",70488757,"$336.5766","$347.22","$331.3333","$38.72",45831930,"$41.51","$42.95","$38.69"
"452","01/19/2022","$331.8833",75442508,"$347.235","$351.5566","$331.6666","$40.03",36994620,"$39.48","$42.44","$39.44"
"453","01/18/2022","$343.5033",66989407,"$342.2016","$356.9299","$338.6866","$39.21",29645130,"$40.68","$41.28","$39.00"
"454","01/14/2022","$349.87",72924427,"$339.96","$350.6666","$337.7929","$42.22",33308390,"$40.975","$43.3999","$40.95"
"455","01/13/2022","$343.8533",97209790,"$369.6883","$371.8666","$342.1797","$41.41",36293050,"$45.73","$46.29","$41.36"
"456","01/12/2022","$368.74",83739038,"$359.6166","$371.6133","$357.53","$45.43",49592720,"$45.74","$47.59","$44.03"
"457","01/11/2022","$354.80",66063217,"$351.2233","$358.6166","$346.2733","$45.47",60554230,"$41.81","$45.48","$41.49"
"458","01/10/2022","$352.7066",91814889,"$333.3333","$353.0333","$326.6666","$41.72",44353340,"$40.63","$43.1699","$40.43"
"459","01/07/2022","$342.32",84164768,"$360.1233","$360.3099","$336.6666","$41.98",78419570,"$37.505","$43.2899","$37.50"
"460","01/06/2022","$354.90",90336489,"$359.00","$362.6666","$340.1666","$38.22",58375540,"$36.45","$38.58","$33.76"
"461","01/05/2022","$362.7066",80119808,"$382.2166","$390.1133","$360.3367","$36.68",43318800,"$38.68","$39.06","$36.13"
"462","01/04/2022","$383.1966",100248280,"$396.5166","$402.6666","$374.35","$39.41",30476880,"$40.75","$41.29","$38.38"
"463","01/03/2022","$399.9266",104686060,"$382.5833","$400.3566","$378.68","$40.93",45761800,"$38.55","$41.76","$37.96"
"464","12/31/2021","$352.26",40733644,"$357.8148","$360.6666","$351.53","$38.05",19561980,"$38.24","$39.80","$37.85"
"465","12/30/2021","$356.78",47040935,"$353.7766","$365.1833","$351.05","$38.75",36202930,"$36.68","$39.50","$36.68"
"466","12/29/2021","$362.0633",56154066,"$366.2133","$368.00","$354.7133","$36.97",25374700,"$36.725","$37.1598","$35.86"
"467","12/28/2021","$362.8233",60323916,"$369.83","$372.9999","$359.4733","$36.98",28441470,"$37.78","$38.35","$36.75"
"468","12/27/2021","$364.6466",71145817,"$357.89","$372.3333","$356.905","$38.64",48622890,"$37.17","$39.1615","$35.53"
"469","12/23/2021","$355.6666",92713299,"$335.60","$357.6589","$332.52","$37.64",27703360,"$38.52","$38.69","$37.37"
"470","12/22/2021","$336.29",93634089,"$321.8866","$338.5533","$319.0166","$38.70",36620140,"$37.91","$40.19","$37.70"
"471","12/21/2021","$312.8433",71517937,"$305.6233","$313.1666","$295.3733","$38.02",38911540,"$38.25","$39.33","$36.75"
"472","12/20/2021","$299.98",56480016,"$303.5666","$307.2294","$297.7966","$37.99",38903700,"$38.03","$39.71","$36.92"
"473","12/17/2021","$310.8566",100880260,"$304.9233","$320.2199","$303.0133","$40.01",126157600,"$38.45","$40.45","$36.35"
"474","12/16/2021","$308.9733",82771448,"$331.50","$331.66","$307.2833","$40.05",55588970,"$41.09","$42.50","$39.51"
"475","12/15/2021","$325.33",75169238,"$317.7366","$326.2499","$309.4167","$40.81",59474710,"$39.37","$41.69","$38.80"
"476","12/14/2021","$319.5033",70806277,"$315.00","$322.1366","$310.00","$40.87",64374020,"$37.96","$41.30","$37.16"
"477","12/13/2021","$322.1366",78595508,"$333.6966","$335.00","$317.14","$39.15",82697470,"$39.99","$40.29","$36.84"
"478","12/10/2021","$339.01",59664366,"$336.25","$340.3265","$327.51","$37.66",91804040,"$38.00","$39.08","$35.80"
"479","12/09/2021","$334.60",59438496,"$353.5466","$354.1633","$334.12","$36.52",120872600,"$41.37","$42.74","$36.14"
"480","12/08/2021","$356.32",41906374,"$350.9033","$357.46","$344.3333","$44.72",50135880,"$42.60","$45.40","$41.34"
"481","12/07/2021","$350.5833",56084586,"$348.0666","$352.5579","$342.27","$43.88",57740790,"$46.505","$47.25","$43.0198"
"482","12/06/2021","$336.3366",81663128,"$333.8366","$340.5466","$316.8333","$44.86",103929800,"$40.025","$45.75","$38.06"
"483","12/03/2021","$338.3233",92322009,"$361.5966","$363.5251","$333.4033","$47.27",76441210,"$48.55","$49.49","$44.57"
"484","12/02/2021","$361.5333",73114867,"$366.3533","$371.00","$352.2166","$48.41",77168490,"$50.85","$51.84","$46.02"
"485","12/01/2021","$365.00",68804107,"$386.8983","$390.9466","$363.5866","$51.14",78869320,"$54.08","$56.24","$50.95"
"486","11/30/2021","$381.5866",81276128,"$381.4566","$389.3333","$372.6666","$52.98",92341590,"$54.43","$56.70","$51.60"
"487","11/29/2021","$378.9966",58393416,"$366.9966","$380.89","$366.73","$55.06",76731430,"$52.03","$55.33","$50.71"
"488","11/26/2021","$360.64",35042674,"$366.49","$369.5942","$360.3333","$51.72",36708010,"$49.45","$52.37","$49.4131"
"489","11/24/2021","$372.00",67680727,"$360.13","$377.59","$354.00","$52.57",61225300,"$51.74","$53.50","$49.83"
"490","11/23/2021","$369.6766",108515111,"$389.17","$393.4999","$354.2333","$52.44",87998830,"$51.675","$54.33","$49.52"
"491","11/22/2021","$385.6233",99217540,"$387.4433","$400.65","$377.4766","$51.12",130761800,"$53.035","$57.44","$50.08"
"492","11/19/2021","$379.02",64926786,"$366.29","$379.5733","$364.2333","$55.21",166718400,"$47.16","$55.40","$47.15"
"493","11/18/2021","$365.46",62696796,"$368.85","$370.6666","$358.34","$47.05",131634800,"$49.03","$49.67","$43.00"
"494","11/17/2021","$363.0033",94336119,"$354.5033","$373.2133","$351.8333","$52.55",198386200,"$56.20","$57.75","$50.31"
"495","11/16/2021","$351.5766",79627088,"$334.4366","$352.3999","$334.06","$55.52",248654600,"$49.93","$55.68","$46.5086"
"496","11/15/2021","$337.7966",104326960,"$339.21","$343.9933","$326.20","$44.88",77111000,"$44.60","$46.14","$43.41"
"497","11/12/2021","$344.4733",76719458,"$349.1666","$351.50","$339.7333","$43.93",41015330,"$44.00","$45.19","$42.74"
"498","11/11/2021","$354.5033",67189717,"$367.59","$368.3233","$351.56","$44.98",69846270,"$42.75","$45.75","$41.74"
"499","11/10/2021","$355.9833",128408173,"$336.8033","$359.3666","$329.1033","$40.75",79342770,"$42.30","$45.00","$39.3405"
"500","11/09/2021","$341.1666",177317538,"$391.20","$391.50","$337.1733","$44.78",90177660,"$47.48","$48.04","$42.15"
"501","11/08/2021","$387.6466",100337170,"$383.2616","$399.00","$377.6666","$45.92",154195400,"$43.54","$47.87","$43.04"
"502","11/05/2021","$407.3633",64886436,"$409.3333","$413.29","$402.6666","$41.80",113881100,"$37.50","$41.92","$36.17"
"503","11/04/2021","$409.97",76192238,"$411.47","$414.4966","$405.6666","$37.12",40730350,"$37.38","$37.70","$36.07"
"504","11/03/2021","$404.62",103885570,"$392.4433","$405.13","$384.2066","$36.545",61133740,"$34.23","$37.38","$34.23"
"505","11/02/2021","$390.6666",128213413,"$386.4516","$402.8633","$382.00","$35.13",75032520,"$34.565","$35.39","$33.02"
"506","11/01/2021","$402.8633",168146177,"$381.6666","$403.25","$372.8866","$36.53",121435300,"$39.995","$40.17","$35.73"
"507","10/29/2021","$371.3333",89755269,"$360.62","$371.7366","$357.735","$36.99",221097400,"$38.25","$41.60","$35.43"
"508","10/28/2021","$359.0133",81639518,"$356.1016","$360.3333","$351.40","$35.48",377220900,"$28.54","$39.78","$28.08"
"509","10/27/2021","$345.9533",115579392,"$346.5533","$356.96","$343.5933","$27.02",52224560,"$27.69","$28.94","$26.73"
"510","10/26/2021","$339.4766",187244929,"$341.5633","$364.98","$333.8133","$26.38",40979460,"$26.85","$28.20","$26.05"
"511","10/25/2021","$341.62",188556319,"$316.8433","$348.34","$314.7333","$26.85",53941830,"$24.88","$27.40","$24.7021"
"512","10/22/2021","$303.2266",68642527,"$298.50","$303.3333","$296.9866","$24.11",16383980,"$24.03","$24.19","$23.41"
"513","10/21/2021","$298.00",94444359,"$285.3333","$300.00","$285.1682","$24.46",21810290,"$24.30","$25.05","$24.04"
"514","10/20/2021","$288.60",42096154,"$288.45","$289.83","$285.7933","$24.24",15462940,"$24.76","$25.27","$24.14"
"515","10/19/2021","$288.09",52143395,"$292.51","$292.65","$287.5033","$24.73",16034670,"$25.41","$25.61","$24.48"
"516","10/18/2021","$290.0366",72621727,"$283.93","$291.7533","$283.8233","$25.34",26253610,"$23.99","$25.66","$23.97"
"517","10/15/2021","$281.01",56773716,"$274.5793","$281.07","$274.1166","$24.08",14891500,"$23.84","$24.2199","$23.43"
"518","10/14/2021","$272.7733",36741514,"$271.83","$273.4166","$271.1167","$24.01",20756120,"$22.51","$24.10","$22.50"
"519","10/13/2021","$270.36",42360244,"$270.1566","$271.8033","$268.5933","$22.59",20437420,"$22.85","$23.02","$22.11"
"520","10/12/2021","$268.5733",66060127,"$266.9766","$270.7733","$265.5233","$23.06",23871710,"$23.14","$23.65","$22.66"
"521","10/11/2021","$263.98",42600964,"$262.55","$267.08","$261.8333","$22.87",21974460,"$23.63","$23.64","$22.68"
"522","10/08/2021","$261.83",50215805,"$265.4033","$265.46","$260.3033","$23.23",25071030,"$24.32","$24.53","$23.0408"
"523","10/07/2021","$264.5366",57587346,"$261.82","$268.3333","$261.1266","$24.38",17543530,"$24.55","$24.72","$24.04"
"524","10/06/2021","$260.9166",43898314,"$258.7333","$262.22","$257.74","$24.29",19270710,"$23.55","$24.55","$23.41"
"525","10/05/2021","$260.1966",55297896,"$261.5986","$265.77","$258.0666","$24.02",21742710,"$24.18","$24.785","$23.86"
"526","10/04/2021","$260.51",91450029,"$265.50","$268.9899","$258.7066","$24.14",28779610,"$24.76","$25.03","$23.535"
"527","10/01/2021","$258.4066",51094235,"$259.4666","$260.26","$254.53","$24.61",30696050,"$25.51","$25.75","$24.21"
"528","09/30/2021","$258.4933",53867885,"$260.3333","$263.0435","$258.3333","$25.38",46844020,"$27.122","$27.14","$25.09"
"529","09/29/2021","$260.4366",62828646,"$259.9333","$264.50","$256.8933","$26.28",120691800,"$26.45","$28.39","$26.01"
"530","09/28/2021","$259.1866",76144268,"$262.40","$265.2133","$255.3933","$24.54",38136570,"$25.97","$26.41","$24.15"
"531","09/27/2021","$263.7866",84211988,"$257.7066","$266.3333","$256.4366","$25.89",44696220,"$25.86","$27.27","$25.7406"
"532","09/24/2021","$258.13",64119066,"$248.63","$258.2666","$248.1866","$25.43",26633640,"$25.26","$25.66","$24.3872"
"533","09/23/2021","$251.2133",35842594,"$251.6666","$252.7333","$249.3066","$25.42",38764880,"$25.57","$26.13","$24.62"
"534","09/22/2021","$250.6466",45378815,"$247.8421","$251.2233","$246.3733","$24.95",87320510,"$27.735","$28.21","$24.28"
"535","09/21/2021","$246.46",48992165,"$244.93","$248.2466","$243.48","$26.81",114795900,"$24.78","$27.93","$24.57"
"536","09/20/2021","$243.39",74272957,"$244.8525","$247.3333","$239.5416","$24.07",68142970,"$22.025","$24.22","$21.66"
"537","09/17/2021","$253.1633",84612548,"$252.3833","$253.68","$250.00","$22.96",104115600,"$22.42","$23.51","$21.9033"
"538","09/16/2021","$252.33",41770174,"$250.9433","$252.97","$249.2033","$21.17",45927400,"$20.845","$21.60","$20.36"
"539","09/15/2021","$251.9433",46073075,"$248.3333","$252.2866","$246.12","$19.91",32280700,"$19.37","$20.16","$19.05"
"540","09/14/2021","$248.1633",55574646,"$247.5233","$251.49","$245.4666","$18.95",24118280,"$19.19","$19.74","$18.70"
"541","09/13/2021","$247.6666",68857447,"$246.738","$248.26","$236.2833","$20.06",15778410,"$20.265","$20.59","$19.66"
"542","09/10/2021","$245.4233",45552515,"$253.20","$254.2033","$244.84","$19.93",16229060,"$20.183","$20.62","$19.90"
"543","09/09/2021","$251.62",42233194,"$251.1366","$254.0333","$250.5433","$19.85",21788590,"$19.22","$20.06","$19.09"
"544","09/08/2021","$251.29",56379126,"$253.86","$254.8166","$246.9244","$18.93",20956100,"$19.93","$20.0259","$18.70"
"545","09/07/2021","$250.9733",60119496,"$246.6666","$253.40","$246.42","$19.89",19835060,"$19.80","$19.95","$19.01"
"546","09/03/2021","$244.5233",45813155,"$244.083","$244.6666","$241.40","$19.56",25287800,"$18.835","$19.76","$18.67"
"547","09/02/2021","$244.13",38390224,"$244.8333","$246.99","$243.5133","$18.66",38521800,"$18.44","$18.919","$18.00"
"548","09/01/2021","$244.6966",39613024,"$244.6933","$247.33","$243.7567","$17.79",149611900,"$16.12","$18.44","$16.12"
"549","08/31/2021","$245.24",62566326,"$244.3333","$246.7966","$242.1466","$19.96",11454700,"$20.28","$20.68","$19.92"
"550","08/30/2021","$243.6366",55812666,"$238.2383","$243.6666","$237.5766","$20.63",14999200,"$20.85","$20.88","$19.86"
"551","08/27/2021","$237.3066",41501284,"$235.00","$238.3333","$234.0333","$21.03",11926950,"$21.45","$21.53","$20.90"
"552","08/26/2021","$233.72",39642874,"$236.1033","$238.4666","$232.54","$21.48",9094854,"$21.84","$22.07","$21.40"
"553","08/25/2021","$237.0666",37936684,"$235.6766","$238.99","$234.6666","$21.81",11667300,"$22.25","$22.50","$21.77"
"554","08/24/2021","$236.1633",39249214,"$236.8933","$238.4066","$234.2133","$22.83",10277870,"$21.94","$22.97","$21.78"
"555","08/23/2021","$235.4333",60794586,"$228.4806","$237.3766","$226.9168","$21.65",7098570,"$22.01","$22.1095","$21.42"
"556","08/20/2021","$226.7533",44525614,"$227.6166","$230.7099","$224.5666","$21.67",5277663,"$21.751","$22.10","$21.60"
"557","08/19/2021","$224.49",42940474,"$226.07","$228.85","$222.53","$21.71",6603914,"$22.18","$22.61","$21.51"
"558","08/18/2021","$229.6633",61048146,"$223.2493","$231.9233","$223.1166","$22.55",5873884,"$22.93","$22.93","$22.1524"
"559","08/17/2021","$221.9033",71163847,"$224.22","$224.86","$216.28","$22.56",7076970,"$22.24","$22.77","$22.13"
"560","08/16/2021","$228.7233",69309907,"$235.0233","$236.50","$225.4666","$22.83",7534740,"$23.045","$23.32","$22.43"
"561","08/13/2021","$239.0566",50194415,"$241.2366","$243.30","$238.1133","$23.48",5877261,"$23.71","$24.25","$23.42"
"562","08/12/2021","$240.75",53045075,"$235.4466","$240.9333","$233.1333","$23.85",7516851,"$24.31","$24.50","$23.81"
"563","08/11/2021","$235.94",29401677,"$237.57","$238.3933","$234.7366","$24.47",8009064,"$24.97","$25.00","$24.02"
"564","08/10/2021","$236.6633",40296934,"$237.9966","$238.8633","$233.96","$24.46",11923640,"$23.88","$25.24","$23.70"
"565","08/09/2021","$237.92",44146054,"$236.7233","$239.6766","$235.0433","$23.50",6489620,"$23.40","$23.62","$23.03"
"566","08/06/2021","$233.0333",46869155,"$237.30","$238.7766","$232.5433","$23.38",7686486,"$22.935","$23.91","$22.80"
"567","08/05/2021","$238.21",38758924,"$238.6666","$240.3166","$237.1366","$22.75",6573552,"$22.92","$23.29","$22.70"
"568","08/04/2021","$236.9733",51007955,"$237.00","$241.6333","$236.31","$22.63",7015099,"$23.48","$23.49","$22.54"
"569","08/03/2021","$236.58",64860756,"$239.6666","$240.8833","$233.67","$23.58",8579415,"$23.93","$23.95","$22.955"
"570","08/02/2021","$236.5566",100847320,"$233.3333","$242.3133","$232.80","$23.77",7894394,"$24.193","$24.24","$23.45"
"571","07/30/2021","$229.0666",88969239,"$223.9193","$232.51","$223.00","$23.72",11144840,"$22.948","$24.23","$22.94"
"572","07/29/2021","$225.7833",91183929,"$216.5966","$227.8966","$216.2666","$23.35",10494590,"$24.54","$24.6986","$23.25"
"573","07/28/2021","$215.66",48019805,"$215.665","$218.3233","$213.1333","$24.08",12580430,"$25.714","$26.20","$23.98"
"574","07/27/2021","$214.9266",98439880,"$221.1333","$222.1666","$209.08","$25.18",16184060,"$27.49","$27.55","$25.11"
"575","07/26/2021","$219.2066",76009688,"$216.99","$222.7333","$215.7033","$26.83",31573180,"$25.24","$29.03","$24.32"
"576","07/23/2021","$214.46",43814824,"$215.4533","$216.2666","$212.4333","$24.25",17905570,"$24.02","$24.55","$22.5501"
"577","07/22/2021","$216.42",45317195,"$218.8142","$220.7233","$214.8667","$22.90",11069750,"$23.33","$24.18","$22.30"
"578","07/21/2021","$218.43",41860024,"$219.87","$221.6199","$216.7633","$23.43",12470210,"$24.48","$24.9297","$22.66"
"579","07/20/2021","$220.1666",46461395,"$217.33","$220.7972","$213.5003","$24.28",12194520,"$22.81","$24.74","$22.1501"
"580","07/19/2021","$215.4066",63891276,"$209.9633","$215.7333","$207.0966","$22.20",10564430,"$21.99","$22.6599","$20.90"
"581","07/16/2021","$214.74",49112915,"$218.2266","$218.8999","$214.0666","$22.79",8912891,"$23.40","$23.85","$22.30"
"582","07/15/2021","$216.8666",60628716,"$219.4633","$222.0466","$212.6266","$22.96",10345300,"$24.00","$24.33","$22.56"
"583","07/14/2021","$217.7933",64923576,"$223.5833","$226.2033","$217.6133","$23.79",12667130,"$25.40","$25.70","$23.77"
"584","07/13/2021","$222.8466",62898276,"$228.7733","$231.0933","$222.0986","$25.91",8561521,"$26.53","$27.11","$25.77"
"585","07/12/2021","$228.5666",77781128,"$220.7333","$229.08","$220.7203","$26.85",12657430,"$25.91","$27.40","$25.71"
"586","07/09/2021","$218.9833",54421655,"$217.7283","$219.6366","$214.8966","$25.55",7230164,"$25.34","$26.37","$25.24"
"587","07/08/2021","$217.6033",68319967,"$209.4566","$218.1433","$206.82","$24.96",9235841,"$23.99","$25.55","$23.54"
"588","07/07/2021","$214.8833",56375886,"$221.4233","$221.90","$212.7733","$25.52",9286414,"$26.52","$26.89","$24.762"
"589","07/06/2021","$219.86",69853357,"$227.2371","$228.00","$217.1334","$26.38",9302762,"$27.50","$28.00","$26.35"
"590","07/02/2021","$226.30",81292118,"$226.3266","$233.3333","$224.42","$27.02",9188877,"$28.12","$28.19","$26.68"
"591","07/01/2021","$225.9733",55903566,"$227.9733","$229.33","$224.2666","$27.72",18459210,"$28.99","$29.81","$27.41"
"592","06/30/2021","$226.5666",56774586,"$226.59","$230.9366","$226.0466","$28.82",19647190,"$26.20","$28.95","$25.68"
"593","06/29/2021","$226.92",52143935,"$228.2166","$229.1699","$225.2966","$26.32",8562814,"$27.34","$27.40","$26.22"
"594","06/28/2021","$229.5733",64884486,"$223.88","$231.5666","$223.44","$27.00",18705900,"$26.23","$27.38","$26.0254"
"595","06/25/2021","$223.9566",97490140,"$229.86","$231.27","$222.90","$25.18",11453440,"$25.70","$25.95","$25.01"
"596","06/24/2021","$226.6066",137947184,"$224.9966","$232.54","$222.5366","$24.85",14444570,"$25.59","$26.28","$24.80"
"597","06/23/2021","$218.8566",93297699,"$210.6666","$219.068","$210.0133","$25.06",13373000,"$23.79","$25.10","$23.32"
"598","06/22/2021","$207.9033",57476676,"$206.0833","$209.5231","$205.1666","$23.42",5874113,"$23.02","$23.60","$22.45"
"599","06/21/2021","$206.9433",74438227,"$208.16","$210.4633","$202.96","$22.96",4965579,"$23.70","$23.71","$22.75"
"600","06/18/2021","$207.77",73682737,"$204.4566","$209.45","$203.9333","$23.40",4621324,"$23.25","$23.83","$23.18"
"601","06/17/2021","$205.5333",68104057,"$200.6293","$207.1566","$200.4466","$23.55",6905978,"$23.44","$24.3543","$23.33"
"602","06/16/2021","$201.6233",66432397,"$199.1783","$202.8333","$197.8333","$24.04",9957066,"$22.19","$24.10","$22.05"
"603","06/15/2021","$199.7866",53292455,"$205.5633","$205.5966","$199.41","$22.61",11218590,"$23.99","$24.03","$22.55"
"604","06/14/2021","$205.8966",61271946,"$204.0766","$208.4966","$203.06","$24.12",7687892,"$25.16","$25.16","$24.01"
"605","06/11/2021","$203.2966",48615905,"$203.41","$204.1866","$200.5066","$25.14",7269018,"$25.60","$25.60","$24.70"
"606","06/10/2021","$203.3733",71758837,"$201.2933","$205.53","$200.1666","$25.38",11300540,"$26.47","$26.48","$24.56"
"607","06/09/2021","$199.5933",49753715,"$200.7233","$203.93","$199.21","$26.49",13900240,"$26.88","$27.40","$26.15"
"608","06/08/2021","$201.1966",78160238,"$207.67","$207.6966","$198.50","$26.64",22753890,"$27.30","$27.88","$24.70"
"609","06/07/2021","$201.71",67631047,"$197.275","$203.3333","$194.2933","$26.50",23162370,"$24.80","$26.54","$24.31"
"610","06/04/2021","$199.6833",72110707,"$193.2366","$200.2033","$192.40","$23.95",12911200,"$24.07","$24.33","$23.38"
"611","06/03/2021","$190.9466",90335679,"$200.60","$201.5166","$190.4066","$22.96",18875700,"$23.25","$24.59","$22.01"
"612","06/02/2021","$201.7066",69908347,"$206.71","$207.7866","$199.7133","$23.56",21110830,"$22.05","$23.63","$21.635"
"613","06/01/2021","$207.9666",54254675,"$209.2666","$211.2666","$206.85","$21.56",22530410,"$20.00","$22.41","$19.78"
"614","05/28/2021","$208.4066",68211127,"$209.50","$211.8633","$207.46","$19.72",6933252,"$19.55","$20.17","$19.50"
"615","05/27/2021","$210.2833",79111778,"$206.7466","$210.3766","$205.4033","$19.88",7189046,"$20.18","$20.19","$19.45"
"616","05/26/2021","$206.3766",85917939,"$202.52","$208.7233","$200.50","$19.99",15699650,"$20.25","$21.10","$19.711"
"617","05/25/2021","$201.5633",84017798,"$202.4366","$204.6633","$198.57","$20.28",15197360,"$19.60","$20.58","$19.13"
"618","05/24/2021","$202.1466",103674280,"$193.8666","$204.8266","$191.2166","$19.40",6796158,"$20.15","$20.18","$19.33"
"619","05/21/2021","$193.6266",78091808,"$198.7033","$198.8933","$193.3333","$19.81",6881539,"$20.17","$20.37","$19.508"
"620","05/20/2021","$195.5933",92463369,"$191.6666","$196.2833","$190.3566","$19.79",7769759,"$19.17","$20.05","$19.15"
"621","05/19/2021","$187.82",118735212,"$184.1833","$188.7366","$182.3266","$18.97",6402767,"$18.91","$19.05","$18.61"
"622","05/18/2021","$192.6233",110491721,"$189.3333","$198.75","$187.7933","$19.38",11575490,"$18.69","$19.67","$18.52"
"623","05/17/2021","$192.2766",96743410,"$191.851","$196.5766","$187.0666","$18.31",6314430,"$18.23","$18.71","$18.03"
"624","05/14/2021","$196.58",100112590,"$194.47","$197.6233","$190.1533","$17.94",6623155,"$17.76","$18.16","$17.51"
"625","05/13/2021","$190.5633",132554773,"$200.515","$202.1533","$186.55","$17.25",13384670,"$17.90","$18.86","$17.25"
"626","05/12/2021","$196.63",101470960,"$200.83","$206.8033","$195.5883","$17.80",7991241,"$18.25","$18.54","$17.75"
"627","05/11/2021","$205.7333",139511714,"$199.7466","$209.0333","$198.5333","$18.60",14343010,"$17.69","$18.90","$17.40"
"628","05/10/2021","$209.68",94177269,"$221.6333","$221.6833","$209.2033","$18.64",9802718,"$19.54","$19.57","$18.63"
"629","05/07/2021","$224.1233",70407517,"$221.9333","$230.00","$220.0733","$19.28",14552670,"$19.05","$19.72","$18.75"
"630","05/06/2021","$221.18",83353868,"$226.92","$227.0066","$216.6666","$18.96",10453540,"$19.18","$19.35","$18.58"
"631","05/05/2021","$223.6466",65705677,"$227.02","$228.4318","$222.4466","$19.18",4697422,"$19.68","$20.22","$19.12"
"632","05/04/2021","$224.5333",89217969,"$226.3133","$227.8154","$219.2336","$19.17",12509840,"$19.59","$19.84","$18.95"
"633","05/03/2021","$228.30",81129428,"$234.60","$235.3333","$226.8333","$19.91",13445670,"$21.19","$21.19","$19.88"
"634","04/30/2021","$236.48",122276172,"$222.53","$238.49","$222.0466","$21.09",10569670,"$21.35","$22.03","$21.09"
"635","04/29/2021","$225.6666",86536359,"$233.17","$234.0833","$222.8334","$22.07",11527080,"$23.29","$23.39","$21.53"
"636","04/28/2021","$231.4666",66813157,"$232.1366","$236.1666","$231.20","$23.04",19167620,"$22.55","$24.24","$22.10"
"637","04/27/2021","$234.9133",88311009,"$239.32","$241.3333","$234.45","$22.74",18122280,"$24.07","$24.33","$22.50"
"638","04/26/2021","$246.0666",93115509,"$247.00","$249.7666","$244.2017","$23.87",55779540,"$20.67","$24.29","$20.41"
"639","04/23/2021","$243.1333",85241679,"$239.9333","$245.7866","$238.4866","$20.55",13232790,"$19.70","$20.73","$19.61"
"640","04/22/2021","$239.8966",106770791,"$247.1666","$251.2566","$239.3466","$19.66",17422620,"$20.20","$20.65","$18.90"
"641","04/21/2021","$248.04",93646539,"$234.9233","$248.28","$232.6666","$19.89",22545170,"$18.30","$19.89","$17.62"
"642","04/20/2021","$239.6633",106827131,"$239.14","$245.75","$236.895","$18.45",18227300,"$19.52","$19.72","$18.31"
"643","04/19/2021","$238.21",119058702,"$239.8666","$241.80","$230.60","$19.54",19552360,"$19.87","$20.33","$18.68"
"644","04/16/2021","$246.5933",83938598,"$242.8833","$249.8033","$241.5333","$19.52",17044020,"$20.07","$20.50","$19.25"
"645","04/15/2021","$246.2833",83546708,"$247.70","$247.8966","$240.4366","$20.12",25602180,"$21.83","$22.10","$19.82"
"646","04/14/2021","$244.0766",147052305,"$256.90","$260.2633","$242.6766","$21.73",11900770,"$22.02","$22.25","$21.54"
"647","04/13/2021","$254.1066",133958443,"$237.5666","$254.3333","$236.8866","$22.09",16121590,"$21.96","$22.72","$21.57"
"648","04/12/2021","$233.9933",87407019,"$228.5666","$234.9333","$227.3633","$22.03",10594110,"$22.93","$23.45","$21.77"
"649","04/09/2021","$225.6733",64311276,"$225.9233","$226.99","$223.1433","$22.97",7636388,"$22.98","$23.34","$22.76"
"650","04/08/2021","$227.9333",71772997,"$225.7933","$229.8499","$223.8816","$23.16",7922294,"$23.06","$23.3699","$22.66"
"651","04/07/2021","$223.6566",78928298,"$229.00","$230.46","$222.6133","$22.82",15341860,"$24.11","$24.47","$22.70"
"652","04/06/2021","$230.54",84815528,"$230.10","$232.1833","$227.1233","$24.46",19840000,"$23.05","$24.96","$23.02"
"653","04/05/2021","$230.35",125528323,"$235.9033","$236.0533","$228.2333","$23.00",13238230,"$24.55","$24.61","$23.00"
"654","04/01/2021","$220.5833",105895151,"$229.4566","$230.8067","$219.8066","$23.78",12839760,"$24.25","$24.47","$23.21"
"655","03/31/2021","$222.6433",100011880,"$215.54","$224.00","$213.7033","$23.18",15298880,"$24.06","$24.228","$22.78"
"656","03/30/2021","$211.8733",118297092,"$200.5833","$212.5533","$197.0033","$23.51",18201220,"$21.18","$23.65","$21.07"
"657","03/29/2021","$203.7633",85910979,"$205.2133","$205.4933","$198.6733","$21.35",21663590,"$22.88","$22.96","$21.35"
"658","03/26/2021","$206.2366",101558500,"$213.9566","$214.6066","$199.9633","$23.02",18171670,"$23.06","$23.92","$22.07"
"659","03/25/2021","$213.4633",117674562,"$204.3333","$215.1666","$203.1666","$24.03",30779780,"$21.71","$24.24","$21.02"
"660","03/24/2021","$210.09",101385520,"$222.6366","$222.6733","$210.0366","$22.56",24048720,"$24.45","$24.48","$22.24"
"661","03/23/2021","$220.72",91475619,"$225.2566","$225.9333","$219.17","$24.05",23012620,"$26.15","$26.22","$23.75"
"662","03/22/2021","$223.3333",118536672,"$228.1966","$233.2066","$222.9166","$26.15",16147160,"$27.48","$27.63","$26.02"
"663","03/19/2021","$218.29",128681953,"$215.5333","$219.0766","$208.2067","$26.88",19575360,"$26.62","$27.45","$25.79"
"664","03/18/2021","$217.72",100107070,"$228.0966","$229.7433","$217.3333","$26.90",22129310,"$28.80","$29.42","$26.80"
"665","03/17/2021","$233.9366",121117362,"$218.9566","$234.5766","$217.0033","$29.50",40917060,"$29.69","$30.68","$28.15"
"666","03/16/2021","$225.6266",96587020,"$234.45","$235.9733","$223.6666","$31.10",67588710,"$31.06","$32.9696","$29.20"
"667","03/15/2021","$235.98",88270449,"$231.3633","$237.7266","$228.0133","$28.69",23939760,"$27.46","$28.80","$27.0302"
"668","03/12/2021","$231.2433",100751530,"$223.3333","$231.6266","$222.0464","$26.77",20225420,"$25.50","$27.99","$25.10"
"669","03/11/2021","$233.20",108761681,"$233.1333","$234.1666","$225.7266","$26.84",24459390,"$25.79","$27.18","$25.31"
"670","03/10/2021","$222.6866",181817028,"$233.4333","$239.2833","$218.3533","$24.70",32947440,"$25.105","$27.26","$24.31"
"671","03/09/2021","$224.5266",202570010,"$202.7266","$226.03","$198.4033","$24.46",31214900,"$23.26","$25.00","$22.80"
"672","03/08/2021","$187.6666",155360896,"$200.1833","$206.7083","$186.2633","$22.09",29814500,"$24.34","$25.18","$22.00"
"673","03/05/2021","$199.3166",268189407,"$208.6866","$209.2806","$179.83","$24.40",53893420,"$24.52","$25.18","$20.40"
"674","03/04/2021","$207.1466",197758610,"$218.60","$291.3133","$200.00","$24.34",62235620,"$23.89","$25.54","$21.435"
"675","03/03/2021","$217.7333",90623889,"$229.33","$233.5666","$217.235","$24.20",43884200,"$27.65","$27.97","$23.93"
"676","03/02/2021","$228.8133",71196487,"$239.4266","$240.37","$228.3333","$27.77",35676740,"$30.00","$30.39","$26.56"
"677","03/01/2021","$239.4766",81408728,"$230.0366","$290.6666","$228.35","$30.63",42153820,"$32.49","$32.54","$29.83"
"678","02/26/2021","$225.1666",123267522,"$233.3333","$235.5666","$219.8366","$30.75",68871050,"$31.25","$32.52","$28.50"
"679","02/25/2021","$227.4066",117071592,"$242.05","$245.7355","$223.5266","$27.82",82266050,"$29.71","$32.38","$26.71"
"680","02/24/2021","$247.34",110300861,"$237.2833","$248.3333","$231.39","$28.70",142471900,"$35.64","$35.72","$27.85"
"681","02/23/2021","$232.9466",199820660,"$220.71","$237.8699","$206.3333","$35.21",190447900,"$35.02","$43.94","$30.00"
"682","02/22/2021","$238.1666",111809171,"$254.2133","$256.1666","$236.7333","$57.37",88152910,"$62.87","$63.20","$56.08"
"683","02/19/2021","$260.4333",56874786,"$265.00","$265.5966","$259.1233","$52.94",59997950,"$60.09","$61.97","$50.32"
"684","02/18/2021","$262.46",53871185,"$260.30","$264.8966","$258.7566","$58.05",76982740,"$55.81","$64.86","$55.55"
"685","02/17/2021","$266.05",78236708,"$259.6966","$266.6133","$254.0033","$56.23",63907660,"$54.67","$59.50","$50.30"
"686","02/16/2021","$265.4066",59406966,"$272.6666","$273.6666","$264.1466","$52.70",96883350,"$38.27","$55.00","$36.52"
"687","02/12/2021","$272.04",71304937,"$267.0866","$272.4433","$261.7768","$39.98",69175950,"$35.04","$41.37","$33.51"
"688","02/11/2021","$270.5533",64868256,"$270.8133","$276.6266","$267.2416","$31.50",26350020,"$32.25","$33.16","$31.20"
"689","02/10/2021","$268.2733",108648281,"$281.2116","$281.6066","$266.6733","$32.87",33355530,"$32.00","$34.49","$30.00"
"690","02/09/2021","$283.1533",45472955,"$285.04","$286.60","$280.5833","$33.31",28973290,"$31.70","$33.69","$30.22"
"691","02/08/2021","$287.8066",60485166,"$289.89","$292.59","$284.9166","$32.88",35684290,"$34.17","$34.98","$30.30"
"692","02/05/2021","$284.0766",55699926,"$281.6666","$288.2566","$279.6566","$34.65",66665350,"$30.90","$36.00","$30.7001"
"693","02/04/2021","$283.33",47437985,"$285.00","$285.50","$277.8066","$30.22",45385200,"$29.00","$31.45","$26.13"
"694","02/03/2021","$284.8966",55030536,"$292.34","$292.6933","$284.3548","$29.49",85281240,"$32.35","$34.50","$27.575"
"695","02/02/2021","$290.93",73038637,"$281.56","$293.50","$280.7335","$32.14",100196700,"$27.98","$35.18","$26.46"
"696","02/01/2021","$279.9366",76174178,"$271.43","$280.6666","$265.1867","$25.20",43231910,"$23.64","$25.97","$22.73"
"697","01/29/2021","$264.51",104972260,"$276.6666","$280.8033","$260.0333","$22.88",34280360,"$21.70","$24.35","$21.21"
"698","01/28/2021","$278.4766",79134158,"$273.3333","$282.6666","$267.00","$22.33",33334120,"$21.34","$22.88","$20.01"
"699","01/27/2021","$288.0533",82001888,"$290.1166","$297.1666","$286.22","$21.15",44960820,"$21.29","$23.33","$20.45"
"700","01/26/2021","$294.3633",69394807,"$297.1266","$298.6333","$290.5333","$24.44",41562230,"$24.37","$24.66","$22.37"
"701","01/25/2021","$293.60",123520212,"$285.00","$300.1333","$279.6067","$24.95",117369700,"$26.77","$27.30","$18.55"
"702","01/22/2021","$282.2133",60199506,"$278.1033","$282.6666","$276.2066","$22.35",94164460,"$18.49","$22.67","$18.00"
"703","01/21/2021","$281.6633",61794396,"$285.00","$285.2399","$280.4733","$17.81",23590470,"$18.09","$18.25","$17.11"
"704","01/20/2021","$283.4833",76997648,"$286.2466","$286.50","$279.0933","$18.06",27627680,"$18.35","$18.73","$17.80"
"705","01/19/2021","$281.5166",76100948,"$279.2666","$283.3333","$277.6666","$17.90",68336360,"$18.05","$18.69","$17.50"
"706","01/15/2021","$275.3866",116332812,"$284.00","$286.6333","$273.0333","$18.36",184854200,"$17.81","$21.00","$16.20"
"707","01/14/2021","$281.6666",93798999,"$281.13","$287.6666","$279.5833","$17.36",140983000,"$18.71","$20.14","$16.10"
"708","01/13/2021","$284.8033",99937510,"$284.2533","$286.8233","$277.3333","$16.72",94091530,"$15.10","$17.12","$14.50"
"709","01/12/2021","$283.1466",138812174,"$277.00","$289.3333","$275.78","$14.15",112100500,"$14.99","$15.63","$13.00"
"710","01/11/2021","$270.3966",178662468,"$283.1333","$284.81","$267.874","$13.20",108167500,"$10.05","$14.00","$10.03"
"711","01/08/2021","$293.34",225166613,"$285.3333","$294.83","$279.4633","$10.03",738187,"$10.05","$10.05","$10.02"
"712","01/07/2021","$272.0133",154496865,"$259.21","$272.33","$258.40","$10.03",1075509,"$10.00","$10.04","$10.00"
"713","01/06/2021","$251.9933",134099923,"$252.83","$258.00","$249.70","$10.01",636614,"$10.00","$10.02","$10.00"
"714","01/05/2021","$245.0366",96735520,"$241.22","$246.9466","$239.7333","$10.02",685686,"$10.04","$10.04","$10.00"
"715","01/04/2021","$243.2566",145914585,"$239.82","$248.1633","$239.0631","$10.04",1172658,"$10.03","$10.08","$10.02"
"716","12/31/2020","$235.2233",148949805,"$233.33","$239.5733","$230.3733","$10.01",1266224,"$10.07","$10.07","$10.01"
"717","12/30/2020","$231.5933",128538073,"$224.00","$232.20","$222.7867","$10.07",3152683,"$10.04","$10.08","$10.02"
"718","12/29/2020","$221.9966",68732437,"$220.3333","$223.30","$218.3333","$10.06",1784646,"$10.10","$10.11","$10.03"
"719","12/28/2020","$221.23",96835690,"$224.8366","$227.1333","$220.2666","$10.08",4067863,"$10.11","$10.18","$10.04"
"720","12/24/2020","$220.59",68596717,"$214.33","$222.03","$213.6666","$10.04",2093012,"$10.08","$10.10","$10.01"
"721","12/23/2020","$215.3266",99518920,"$210.7333","$217.1666","$207.5233","$10.03",2353666,"$10.03","$10.03","$9.995"
"722","12/22/2020","$213.4466",155584936,"$216.00","$216.6266","$204.7433","$10.00",755643,"$10.03","$10.03","$9.97"
"723","12/21/2020","$216.62",174135797,"$222.08","$222.8333","$215.3566","$9.97",532777,"$9.98","$10.00","$9.96"
"724","12/18/2020","$231.6666",666378667,"$222.9666","$231.6666","$209.5133","$9.96",869000,"$9.98","$9.98","$9.95"
"725","12/17/2020","$218.6333",168810437,"$209.3966","$219.6066","$206.50","$9.97",1483598,"$9.98","$10.00","$9.945"
"726","12/16/2020","$207.59",126287443,"$209.41","$210.8333","$201.6666","$9.945",1191593,"$9.95","$10.00","$9.94"
"727","12/15/2020","$211.0833",135670694,"$214.4266","$215.6333","$207.9333","$9.97",1162373,"$9.97","$10.03","$9.90"
"728","12/14/2020","$213.2766",156121966,"$206.3333","$214.2499","$203.40","$9.98",1982462,"$9.96","$9.98","$9.94"
"729","12/11/2020","$203.33",139424924,"$205.0033","$208.00","$198.9333","$9.94",899986,"$9.96","$9.96","$9.91"
"730","12/10/2020","$209.0233",201249470,"$191.4566","$209.25","$188.78","$9.91",7606766,"$9.93","$9.93","$9.88"
"731","12/09/2020","$201.4933",213873591,"$217.8966","$218.1066","$196.00","$9.92",3394259,"$9.89","$9.97","$9.84"
"732","12/08/2020","$216.6266",192795109,"$208.5016","$217.0933","$206.1666","$9.86",2296411,"$9.94","$9.98","$9.83"
"733","12/07/2020","$213.92",168929147,"$201.6399","$216.2618","$201.0166","$9.94",2085323,"$9.88","$9.98","$9.87"
"734","12/04/2020","$199.68",88203939,"$197.0033","$199.68","$195.1666","$9.88",405431,"$9.88","$9.89","$9.86"
"735","12/03/2020","$197.7933",127656013,"$196.6733","$199.6566","$194.1433","$9.87",513207,"$9.88","$9.88","$9.86"
"736","12/02/2020","$189.6066",143326964,"$185.48","$190.5133","$180.4033","$9.87",1440953,"$9.88","$9.885","$9.84"
"737","12/01/2020","$194.92",121148502,"$199.1966","$199.2833","$190.6833","$9.88",1394253,"$9.87","$9.88","$9.82"
"738","11/30/2020","$189.20",189009169,"$200.7366","$202.60","$184.8366","$9.88",1623718,"$9.88","$9.90","$9.8261"
"739","11/27/2020","$195.2533",112683251,"$193.72","$199.5933","$192.8166","$9.83",416161,"$9.80","$9.85","$9.77"
"740","11/25/2020","$191.3333",146790495,"$183.3533","$191.3333","$181.79","$9.76",1332376,"$9.76","$9.7662","$9.70"
"741","11/24/2020","$185.1266",160945486,"$180.1333","$186.6633","$175.40","$9.76",57247,"$9.78","$9.78","$9.70"
"742","11/23/2020","$173.95",150780915,"$167.8333","$175.3333","$167.2633","$9.75",134369,"$9.79","$9.79","$9.71"
"743","11/20/2020","$163.2033",98735770,"$165.9967","$167.50","$163.02","$9.71",995889,"$9.71","$9.735","$9.69"
"744","11/19/2020","$166.4233",187426069,"$164.00","$169.537","$162.5233","$9.72",44545,"$9.75","$9.80","$9.70"
"745","11/18/2020","$162.2133",234132083,"$149.45","$165.3333","$147.8334","$9.74",301651,"$9.74","$9.74","$9.67"
"746","11/17/2020","$147.2033",183564858,"$153.39","$154.00","$144.3367","$9.71",46038,"$9.72","$9.72","$9.69"
"747","11/16/2020","$136.03",80515928,"$136.31","$137.4833","$134.6956","$9.70",151275,"$9.70","$9.73","$9.685"
"748","11/13/2020","$136.1667",59491056,"$136.95","$137.5106","$133.8867","$9.69",754783,"$9.74","$9.74","$9.69"
"749","11/12/2020","$137.2533",59821506,"$138.35","$141.00","$136.5067","$9.70",1501959,"$9.67","$9.72","$9.67"
"750","11/11/2020","$139.0433",52073165,"$138.8167","$139.565","$136.86","$9.68",724462,"$9.69","$9.7395","$9.66"
"751","11/10/2020","$136.7867",90852669,"$140.03","$140.03","$132.01","$9.70",714714,"$9.66","$9.80","$9.66"
"752","11/09/2020","$140.42",104499100,"$146.50","$150.8333","$140.3333","$9.67",163474,"$9.70","$9.725","$9.66"
"753","11/06/2020","$143.3167",65118037,"$145.3667","$145.5233","$141.4267","$9.72",1443973,"$9.79","$9.79","$9.72"
"754","11/05/2020","$146.03",85243569,"$142.7667","$146.6667","$141.3334","$9.77",1534452,"$9.76","$9.78","$9.73"
"755","11/04/2020","$140.3267",96429190,"$143.54","$145.1333","$139.0333","$9.69",509822,"$9.70","$9.73","$9.68"
"756","11/03/2020","$141.30",103055170,"$136.5767","$142.59","$135.5633","$9.69",189840,"$9.63","$9.70","$9.62"
"757","11/02/2020","$133.5033",87063369,"$131.3333","$135.66","$130.7667","$9.63",716681,"$9.63","$9.64","$9.60"
"758","10/30/2020","$129.3467",127762933,"$135.6318","$135.8638","$126.37","$9.63",1154338,"$9.65","$9.69","$9.60"
"759","10/29/2020","$136.9433",67965937,"$136.6533","$139.3533","$135.4867","$9.65",1652882,"$9.66","$9.70","$9.62"
"760","10/28/2020","$135.34",76354238,"$138.8267","$139.5333","$135.3333","$9.65",1571479,"$9.74","$9.74","$9.63"
"761","10/27/2020","$141.56",68059537,"$141.2533","$143.50","$140.0333","$9.65",304143,"$9.65","$9.70","$9.64"
"762","10/26/2020","$140.0933",84717488,"$137.21","$141.92","$136.6667","$9.65",2394804,"$9.65","$9.66","$9.64"
"763","10/23/2020","$140.21",101150950,"$140.6133","$140.962","$135.7934","$9.63",2067850,"$9.65","$9.70","$9.63"
"764","10/22/2020","$141.93",119979582,"$147.3067","$148.41","$141.5033","$9.65",1441881,"$9.66","$9.67","$9.63"
"765","10/21/2020","$140.88",97111390,"$140.90","$144.3167","$140.4167","$9.66",292303,"$9.73","$9.73","$9.65"
"766","10/20/2020","$140.6467",94968879,"$143.9167","$143.9167","$139.6834","$9.67",78163,"$9.71","$9.74","$9.67"
"767","10/19/2020","$143.61",108863531,"$148.7467","$149.00","$142.9567","$9.68",348739,"$9.71","$9.73","$9.6765"
"768","10/16/2020","$146.5567",98327650,"$151.48","$151.9833","$146.2833","$9.68",304983,"$9.69","$9.705","$9.67"
"769","10/15/2020","$149.6267",107017061,"$150.1033","$152.19","$147.50","$9.68",347983,"$9.67","$9.72","$9.6501"
"770","10/14/2020","$153.7667",144136184,"$149.9267","$155.30","$149.1167","$9.68",2177911,"$9.75","$9.7699","$9.68"
"771","10/13/2020","$148.8833",103391020,"$147.7833","$149.63","$145.5333","$9.70",1623875,"$9.85","$9.85","$9.67"
"772","10/12/2020","$147.4333",116373402,"$147.3333","$149.58","$146.1933","$9.73",172260,"$9.82","$9.82","$9.73"
"773","10/09/2020","$144.6667",86776989,"$143.3767","$144.8633","$142.1534","$9.75",2401524,"$9.76","$9.77","$9.7216"
"774","10/08/2020","$141.9733",121263372,"$146.1467","$146.3333","$141.7667","$9.7166",550328,"$9.70","$9.75","$9.70"
"775","10/07/2020","$141.7667",129383143,"$139.9567","$143.30","$137.9483","$9.71",1325422,"$9.72","$9.75","$9.67"
"776","10/06/2020","$137.9933",147438795,"$141.2633","$142.9266","$135.35","$9.68",1902445,"$9.74","$9.75","$9.67"
"777","10/05/2020","$141.8933",134168383,"$141.1167","$144.5467","$139.7767","$9.71",3147963,"$9.80","$9.80","$9.69"
"778","10/02/2020","$138.3633",214290111,"$140.4633","$146.3767","$138.3333","$9.74",3925673,"$9.73","$9.80","$9.73"
"779","10/01/2020","$149.3867",152224365,"$146.92","$149.6267","$144.8067","$9.7599",1068527,"$9.85","$9.85","$9.74"
"780","09/30/2020","$143.0033",144436724,"$140.44","$144.6433","$140.1567","$9.78",546245,"$9.85","$9.85","$9.77"
"781","09/29/2020","$139.69",151024215,"$138.6667","$142.8333","$137.20","$9.78",189577,"$9.88","$9.88","$9.76"
"782","09/28/2020","$140.40",149158695,"$141.54","$142.6933","$138.5167","$9.83",72303,"$9.90","$9.94","$9.83"
"783","09/25/2020","$135.78",201625400,"$131.1567","$136.2441","$130.4333","$9.81",692465,"$9.77","$9.85","$9.77"
"784","09/24/2020","$129.2633",289683209,"$121.2667","$133.1667","$117.10","$9.77",605537,"$9.85","$9.85","$9.75"
"785","09/23/2020","$126.7867",285222569,"$135.0533","$137.3833","$125.2934","$9.85",192570,"$9.90","$9.905","$9.7901"
"786","09/22/2020","$141.41",238742424,"$143.20","$145.92","$139.20","$9.88",1280789,"$9.96","$9.96","$9.85"
"787","09/21/2020","$149.7967",328430433,"$151.0433","$151.8933","$135.69","$9.86",762763,"$9.90","$9.96","$9.86"
"788","09/18/2020","$147.3833",259220486,"$149.3133","$150.3333","$142.9333","$9.89",564328,"$10.25","$10.25","$9.82"
